"V1","V2","V3","V4","V5","V6","V7","V8","V9","V10","V11","V12","V13","V14","V15","V16","V17","V18","V19","V20","V21","V22"
0.753794392813479,NA,1.2330766820832,-0.673901789790344,NA,-0.57317624733576,NA,-0.563787985617308,-0.775773454110238,-0.771320593009358,-0.717606981125472,NA,NA,NA,-0.619329554151879,1.04817859630489,-1.47055440052466,0.921963500007046,-0.825908987322284,NA,0.0198470743574203,NA
-0.889738595300064,-0.710919603488159,NA,0.940365724635905,1.30005505428317,0.631888484457812,NA,NA,1.15650780271055,1.12289996813203,1.35659925039462,1.72881198050325,0.590095342123802,1.13979429644128,-0.245414304681173,-0.331160062824529,-0.541967353168892,2.05916342210135,1.10027515007902,0.972111470317535,-0.0622289367854507,1.25044203945682
-0.0955176772231749,NA,NA,-0.781233406441026,NA,NA,-0.663861122950393,-0.802445873786051,-0.963935673875558,-0.924168361631718,-0.981197485584909,-0.979947698439402,NA,-1.05086847007283,-0.527758472648849,1.03409686959525,NA,0.0973053414676287,-1.02778517928201,NA,-0.934751576898713,-0.967510548129448
NA,NA,-0.232883085379624,-0.708247907118562,-1.00065466058494,-0.630408873120151,-0.608490849029947,-0.63498978650743,-0.586577375994559,-0.580260882231409,-0.507362173997111,-0.472743244645514,-0.564422433306978,NA,NA,0.76475590633955,-1.33310035110318,-0.731450663099614,-1.16945260575638,NA,0.243568314512303,NA
-0.00984135588428755,-0.267112468342732,NA,-0.283214705181864,-0.425477231867908,-0.36014369580497,-0.210517005226742,-0.300077611950188,0.589953426713873,NA,NA,0.655977184248063,NA,0.418179588331011,-0.0581098197886115,NA,NA,NA,NA,0.082439351943169,0.493157919655227,0.511411864119711
0.291161181122158,0.0852628919245943,-0.9066378076237,NA,NA,NA,0.433162429098442,NA,NA,1.95264499779626,NA,2.08783483260443,1.38696358929613,2.01534040288486,2.32690062117667,NA,1.46502519036662,0.30332216804799,1.04277013821,1.9163123090306,2.45398875730968,0.93926823660934
-0.661189556985229,NA,-0.159934365333164,-0.3519069398383,NA,-0.681282318261832,-0.549659932989473,NA,-0.497665557863693,-0.498378149040859,-0.331635171024154,NA,NA,-0.442332878360269,-0.535042535950226,0.647631703230846,0.154901690569771,NA,-0.862412282752611,0.739638649512421,NA,-1.04812851823683
-0.382043707145302,-0.00796541474683248,NA,-0.145830235868991,NA,NA,NA,NA,-0.105833243077669,-0.165388367399291,NA,NA,-0.105857175583792,NA,NA,NA,NA,NA,0.141489512477684,-1.73748692933448,-1.40624361324902,NA
-1.23057518121172,-0.586342348541471,-0.737484470332704,0.633397301014956,1.30005505428317,0.469729378068703,0.460847566058665,0.733667052824922,-0.0939438720485417,-0.0234582965356709,NA,NA,-0.203112749057581,NA,NA,-0.823796978190148,1.62636399099408,NA,2.42313947600139,2.00720157358805,0.500603426921158,1.60134166805731
1.13470157186376,0.144750418051539,NA,-0.927204405085952,NA,-0.802106750473325,NA,NA,-1.05543213788232,-1.04426303697786,-1.03663517104662,-1.02482555495205,-0.911091493592579,NA,-0.674480319148022,2.35844973871562,-1.09293289226622,0.474249996780779,NA,-0.632215895406212,-2.1200629183065,-1.55372256098348
2.06048839255989,0.54051893086536,2.41304479694196,-0.710394539451576,-1.00065466058494,-0.598612969906601,-0.535817364509362,-0.598070334194033,NA,-0.667602464301329,-0.47493635797234,NA,NA,NA,NA,0.226297499299724,-0.292281910768642,NA,NA,NA,-0.28296268649891,NA
0.0745339721708789,NA,0.631711850562896,-0.521490894146376,NA,NA,-0.452761953628693,-0.424021487573734,0.142809690183647,0.0365890411373987,NA,NA,0.0572812057270789,0.214571815164028,-0.346350610428831,-0.0982527734366089,-0.385818547352358,-0.22095434677725,-0.47609622588768,-0.60816906842455,-0.0568395865849894,-0.450537292593705
-0.840892211102162,-0.789456744843746,-0.223060585361583,-0.603062922800894,-0.425477231867908,NA,NA,-0.553239570670623,-1.00942544129135,-0.967839152666678,NA,-1.01212427480696,NA,-1.08224302259936,-0.524636731233972,NA,NA,0.111409555702938,-0.651794769712029,-0.630123289235272,NA,NA
-0.979767330533583,-0.522602676158133,-0.284424343679982,-0.240282058521591,-0.137888517509394,-0.239319263593478,-0.134382878586129,-0.14976269895993,0.518617200539108,NA,NA,0.351146460765926,0.126824169555111,0.802517856781048,-0.385545808193385,0.276589380405561,NA,1.38614462634049,-0.0644073551086546,NA,-0.924772636460522,NA
NA,NA,NA,-0.93149766975198,-1.02941353202079,-0.79892716015197,NA,NA,-1.0533644211816,-1.04426303697786,-1.03768116511193,-1.02143854691336,NA,-1.10446666397232,NA,2.4395873068997,-1.34854462631908,0.469790015522585,-1.97732439897306,NA,-2.43305800926882,-1.67138889501114
NA,NA,-0.656153310445901,NA,-0.425477231867908,0.0818193588633845,0.0317279431752089,0.248439965277421,-0.366882476543292,-0.37828347369472,-0.280381461823708,-0.319481130894773,-0.318669102486115,-0.394290594804015,-0.455264699792283,NA,-0.486394900080995,NA,0.38794792752869,0.310231024839881,0.47619526883281,NA
1.30619614108157,NA,NA,-0.102897589208719,-0.425477231867908,NA,NA,NA,-0.126510410084847,-0.0725879364500008,0.150568093086165,-0.134889192786146,-0.304551357949597,NA,NA,-0.6673333480831,-0.525993303396171,-0.648159560115418,NA,-1.22778612684288,1.07821071097149,-0.410182668986048
-0.809408173636104,NA,-0.312666717911287,-0.734007495114726,-0.713065946226421,-0.728976173082158,-0.667321765070421,NA,-1.02028095397012,NA,-1.02931321258941,NA,NA,-1.0962962075852,NA,0.94692427567847,NA,0.030272204351972,-0.165859286617412,-0.421310223750144,-0.664334674403793,-0.26132998974765
-0.0105982974311796,-0.342821932437818,-1.16993239235238,0.489572934703043,0.149700196849119,0.263056007180623,0.422780502738358,NA,0.420917586430192,0.282237240709048,0.216465719201025,NA,0.833234275808274,NA,NA,-1.02742321680089,1.52532071831705,-0.250897212403834,1.40415206387428,0.384137520241268,0.963143311430587,NA
1.7765643492052,0.576523979291372,NA,NA,-1.02941353202079,NA,-0.743455891711034,-0.76684497334099,-0.795416762767057,-0.804073686285578,-0.722836951452048,-0.727615599556967,NA,-0.808696142758646,-0.595396203304496,NA,NA,-0.83128562818685,-1.56772407736761,NA,-0.937390784775722,-1.37684780960938
0.114013204725988,NA,0.528672320833158,NA,NA,-0.531841573158144,-0.497750301189055,-0.51236446275222,NA,0.167601414242278,0.361858894279841,0.175868794763698,0.181726509419346,0.207381813543364,NA,0.118561113997443,-1.11274107315358,-0.454036016890236,NA,-0.437627713487701,0.27568254682218,NA
-1.56031784257674,-0.911525233499161,-0.776817457275845,NA,NA,-0.290192708735159,0.00750344833501376,NA,-0.440803348593954,-0.43287196248842,-0.398578791204328,-0.401616075833016,NA,-0.505081983413336,-0.295015307161981,-0.22677646959597,1.08544621001686,NA,0.395419515576409,1.93772221031709,0.105601981328848,0.409739307782248
NA,-0.0506675935266638,-0.884370608458075,NA,-0.425477231867908,-0.398298779661231,-0.2797298476273,-0.346226927341934,0.700576270202275,0.549720835798177,0.803268389842866,NA,0.933104246418454,0.621787361497995,-0.255473249240218,0.0749748170390508,1.15658864753753,NA,NA,0.381960242144337,NA,NA
-0.356520584361024,4.13074420989169,-1.16187235404436,5.14991172967563,5.03870834094385,4.79715180543295,4.49941692013119,NA,3.32037333001173,3.56846426608978,NA,2.70003653559772,1.86226098869223,3.87983855042522,NA,-2.6025649330357,0.952778090066353,NA,2.12592931603257,0.481836826846341,0.837263673167743,2.38775480431299
1.14127750155239,NA,0.944720751575448,-0.768353612442944,-1.00065466058494,NA,-0.674243049310477,-0.82090559994275,-0.172517106675818,-0.26364764722795,0.0156348586605012,-0.218717641743734,-0.238145670685236,-0.116495077641999,NA,NA,0.0648938912882919,-1.6551813967676,-0.376114143629947,-0.123252948269691,0.542245122270912,-0.502656521223952
-0.28690561647026,0.206948687416934,NA,-0.521490894146376,-0.425477231867908,-0.598612969906601,-0.431998100908526,-0.596751782325698,NA,-0.820450232923688,-0.719698969256102,NA,-0.576448660134382,-0.806081596714768,-0.408438578569143,NA,0.679468294123647,-1.12463422453234,0.316469735205517,-0.249438309976281,-0.41493081996189,NA
NA,-0.758777509603867,-0.34645439849851,NA,-0.137888517509394,-0.34106615387684,-0.130922236466101,NA,NA,1.31395967890997,NA,1.45107732133063,1.04029452901053,1.44733027485241,0.212441102833977,-1.06542152696975,NA,-0.302034518881317,0.0591491167120382,NA,NA,NA
1.14335909080634,NA,1.2260698221141,2.17897258078477,1.01246633992466,1.82423485496596,NA,2.41613923682115,NA,3.03895592479089,NA,2.07344004844,2.09075929841291,NA,2.03692552975041,-1.59672731091896,-0.562332246302411,1.11418106833556,0.707631400927126,0.380714355233315,1.40301903054459,NA
NA,0.226455408368139,0.612066850526813,-0.506464467815281,NA,-0.519123211872724,-0.390470395468191,-0.497860392200528,NA,NA,0.622311416543332,0.219899899266673,0.0358431492086631,0.451841868645938,-0.100079898810834,-0.766799512936866,1.04177123638307,-1.05811570063878,NA,0.966946482832038,0.255789162716985,0.00531072632898106
NA,NA,0.207302473415752,-0.639555672462126,-0.713065946226421,NA,-0.573884427829669,-0.682457653767512,-0.789213612664904,-0.787697139647468,NA,NA,-0.6439001062533,NA,-0.501743960858215,NA,-0.840841016285816,0.547134476829192,-0.685603050225495,-0.397807716292714,NA,-0.777238345690831
-0.741141507875743,-0.722209051798883,-0.119032357599395,-0.394839586498572,-0.425477231867908,-0.703539450511318,-0.598108922669864,-0.725969865422587,-0.67962462752686,-0.667602464301329,NA,NA,-0.555010603615966,-0.651496561870493,-0.539204857836727,0.634444054407537,0.434909991925883,0.701823399442405,-0.681473140855493,0.413204182835299,-0.804818961534423,NA
NA,0.662162204895136,-0.907905920317496,-0.096457692209678,-0.425477231867908,-0.159829505559601,-0.0374848992253485,-0.0508713088347597,NA,NA,-0.454016476666035,-0.554878189583756,NA,-0.557046086035408,0.826036720935719,NA,NA,-1.00814103884826,NA,-0.485527831620187,NA,NA
1.60708040597132,0.354604466170197,1.83297995999032,NA,-1.00065466058494,-0.614510921513376,NA,-0.615211508482396,-0.699267936183679,-0.716732104215659,-0.620329533051156,NA,-0.659586489071653,-0.712611575646137,-0.581521797016158,0.832258786757162,-1.12586870708709,-0.435548060392599,-1.10462281599076,-1.63204618949587,-0.22623648630373,-1.07621144177782
-1.38534607312789,-0.700746343569737,-0.611704885856603,-0.130803809537896,0.437288911207633,NA,0.0144247325750695,NA,-0.466649807352926,-0.46562505576464,NA,-0.456654956461735,-0.389257825168703,-0.511291530267546,-0.328313882253992,-0.0716539563184108,1.12508053025114,1.07375534077733,0.177906294783249,NA,-0.113176226282194,NA
NA,NA,NA,-0.205935941193373,0.149700196849119,-0.217062131343992,-0.134382878586129,NA,-0.403584447981033,-0.38374232257409,-0.184150007814707,-0.505766573022746,NA,-0.304415574545715,-0.535736256264643,0.684959454984955,NA,1.71473469852528,0.196332716487833,NA,-1.30099778202461,0.195582928767598
NA,-0.897099827324347,-0.431482429289258,NA,-0.425477231867908,-0.557278295728985,NA,-0.54532825946061,-0.781459675037212,-0.782238290768098,-0.738526862431776,-0.733542863624675,NA,-0.824056600766428,-0.550304382867397,0.987381300034721,NA,NA,-0.334958364601251,NA,-1.23157345751796,-0.35686669605178
0.389350692408111,NA,-0.885144372135645,-0.122217280205841,-0.425477231867908,NA,-0.231280857946909,-0.253928296558442,-0.656879743818964,-0.552966637834559,-0.735388880235831,NA,NA,-0.821115236467066,-0.0744122471774084,NA,NA,NA,0.965126793410025,1.70925316201245,1.57245462832604,0.744827712908409
-0.896692995762138,NA,NA,NA,-0.425477231867908,NA,NA,-0.549283915065616,-0.656879743818964,NA,NA,-0.67342347093792,-0.591089284098178,-0.705748392280958,-0.555507285225524,0.896408875101052,-1.15850820732534,NA,-0.274944472114103,-1.47027442689388,-0.933038542655963,-0.354057389507593
NA,NA,1.02736301102702,NA,-0.713065946226421,NA,NA,-0.294803404476846,NA,-0.476542753523379,-0.320129236305686,NA,NA,-0.431221057673789,-0.49619419834288,0.242167381782011,-1.16824169240327,1.17376184360527,-0.390961194031202,-0.154460600992372,NA,-0.44129802089062
-0.759497340387884,NA,-0.0956260063529021,-0.188762882529264,-0.137888517509394,NA,-0.431998100908526,NA,-0.714775811439063,-0.727649801974399,-0.632881461834939,-0.880877713307708,NA,-0.724377032843587,-0.408438578569143,0.230097330316609,0.802241302860247,0.312737684037508,-0.64416064185415,0.430440967769338,-0.739024515310226,NA
-1.26612777949233,-0.874776059478281,-0.745157626801939,NA,1.58764376864169,0.879896529523507,0.85882140986187,1.24130952213413,NA,0.462379253728257,NA,NA,-0.168602706857204,0.175680442761345,0.0705752985357223,NA,NA,1.38881299119581,0.688939322758624,0.422058447096153,0.0826643496235845,NA
NA,NA,-0.902425094268042,NA,-0.425477231867908,0.212182562038942,NA,0.4106218450827,-0.21800687409161,-0.116258727484961,NA,-0.198395593511591,-0.367819768650287,-0.137084627737536,NA,-0.61793554486359,0.163656439602039,-0.638305669899667,-1.07679267978541,-0.857806098227138,-0.12908113005713,NA
NA,NA,0.403559032857187,-0.650288834127194,NA,-0.614510921513376,-0.490829016949,-0.616530060350732,-0.734936049271061,-0.733108650853769,-0.649617366879982,-0.72846235156664,-0.602592631498304,-0.740064309106854,-0.530186493749308,0.50949666979348,-0.78713624299147,NA,-0.532819998023991,-0.584811712840249,NA,-0.497291455657616
NA,-0.949539421031319,-0.767403332532077,0.176164614083053,0.724877625566146,0.139051984647776,0.301658028537383,0.322278869904215,0.531540429918595,0.478755800366367,NA,0.537431902893899,0.216759431047001,NA,-0.0671281838760311,-0.687897139468598,NA,1.01426986425246,NA,NA,NA,NA
1.01193511472714,NA,1.54410818703085,-0.693221480787467,-1.00065466058494,-0.569996657014405,-0.553120575109501,NA,NA,NA,-0.938311728906984,-0.962165906236277,-0.867692501128469,-1.01099664290369,-0.581868657173366,1.03767318114056,-0.610802128636951,0.459650229072335,-1.43842278451467,NA,NA,-1.25526670184145
-0.876870589002893,NA,NA,-0.418452542161722,-0.137888517509394,-0.506404850587304,-0.200135078866658,-0.482037769780501,-0.561764775585945,-0.574802033352039,-0.623467515247102,-0.502379564984055,-0.267949798040106,-0.715879758200984,-0.368202800332963,0.211545214175346,NA,-0.908877866230024,NA,-0.474532577230684,-0.874968229749228,NA
0.482359884982519,0.446663432621116,-0.987130723526468,NA,1.01246633992466,0.886255710166217,NA,1.25185793708081,NA,-0.110799878605591,-0.20088591285975,-0.382140779610546,-0.415401796532625,-0.319776032553498,NA,-0.949861960162112,NA,-1.17346530138486,-0.948091735586132,NA,NA,-0.787126699050335
-0.00693186181341998,-0.400980662859639,0.18069360028154,-0.920764508086911,NA,-0.856159785936361,-0.788444239271397,-0.915841334462913,NA,-0.995133397063528,-1.03663517104662,-1.04514760318419,-0.831613820646257,NA,-0.615167232265377,1.40290399770472,-2.03468349047461,NA,NA,NA,NA,-1.17794484952057
2.15761345479552,0.68143505780224,2.39939646540705,NA,-1.00065466058494,-0.694000679547253,NA,-0.716740002344238,NA,NA,NA,-0.710680559363515,-0.686253339862853,-0.674373839754424,NA,0.551965369393965,-0.204402188944236,-1.63147106905311,NA,-1.24787756528179,0.0664111632842345,NA
NA,-0.704328776790749,-0.223511947506832,-0.495731306150213,-0.425477231867908,-0.522302802194079,-0.331639479427718,-0.50313459967387,NA,-0.0507525409325208,0.0564286272077952,NA,NA,-0.0782573417502858,-0.0657407432471973,-0.744671085250298,NA,-0.40409947459765,-0.143397333497113,0.0273784080696647,0.204496170526675,-0.246999483802031
NA,0.486038306955319,2.343685480622,-0.663168628125276,-1.00065466058494,-0.54773952476492,NA,-0.533461292645589,-0.906556535430639,-0.875038721717388,NA,NA,-0.825862146946195,-0.880269340709801,-0.514577786674927,NA,-0.94627513232364,-1.72568340819519,-1.149833351574,-0.65911737589274,-1.32599673053704,-1.19406033002134
-0.0912125721752244,-0.367239882315157,NA,-0.463531821155009,NA,-0.442813044160202,-0.32817883730769,-0.401606105812029,-0.229896245120737,-0.21451800731362,-0.145448227398044,-0.205169609588972,-0.163896792011698,-0.267485111675941,-0.487522694412669,0.223615265640746,NA,0.801829902270341,-0.48865373702753,-0.575630856864856,-0.263543998629658,-0.661600391839484
-0.4098613089936,-0.333584144695803,-1.16516084967403,0.667743418343174,0.724877625566146,NA,NA,0.786409127558346,0.0595840929797554,0.173060263121648,0.186131891306883,NA,0.0740133473999888,0.0429922310345473,NA,NA,NA,0.22521531678272,0.330050548053422,NA,-0.193030968625353,0.171475630372172
-0.809360864789423,-0.61950908934134,NA,-0.444212130157886,NA,NA,-0.373167184868052,-0.505771703410542,NA,-0.678520162060069,-0.508408168062427,-0.75471166386649,-0.58376897211628,-0.60835655214651,-0.546142060980896,0.806777566996872,0.0511915866490724,NA,-0.078261689250003,1.18854500914192,-0.416277512544293,NA
0.342562243040822,0.36349145184606,-0.958845362424187,0.22768379007538,-0.137888517509394,-0.194804999094507,0.204760049176602,-0.093064968621499,0.171240794818517,0.391414218296447,-0.0199289395602165,0.0649442814965872,0.506434633759253,-0.15048417621241,0.313030548424427,-0.39262791750944,1.26468959481902,-2.13152264294175,NA,NA,1.65391147046551,2.24591017858374
NA,NA,NA,2.01582852347573,2.16282119735871,NA,NA,NA,NA,1.67970255382776,1.84403248483152,NA,1.41833635493284,NA,3.40841059135261,-1.58085742843668,NA,-1.4089675596166,1.31039630498965,0.959894520995866,0.701464431496202,1.49635271013158
-0.380979258094985,NA,NA,NA,NA,0.193105020110812,NA,0.388206463320995,0.766743204625245,NA,NA,0.63565513601592,NA,0.973443804399559,-0.0168334610808063,-0.85553674315472,0.428875949515953,0.461803980705566,0.247720638727141,-0.85324591021301,-0.711894593477749,0.208442859085394
-0.811442454043378,NA,NA,0.369361524054279,0.724877625566146,0.0786397685420294,0.782687283221257,NA,0.712465641231403,0.817204430887306,NA,1.11237651746159,NA,0.576032805730133,0.0674535571208463,NA,-0.677661473554139,1.8685087531881,0.777072602403607,NA,-0.167531525168506,0.76383363516042
NA,-0.711387339576362,NA,0.369361524054279,0.724877625566146,0.0214071427576381,0.644261598420142,NA,NA,0.314990333985268,0.598253553041082,0.411265853452681,NA,0.429618227272977,-0.363346758132045,-0.158826550235195,0.462682749625167,NA,1.10440505944902,0.0906162407960885,-1.14401780069496,1.2748535948787
1.76634563832215,0.441730942963699,-0.150735174944277,-0.802699729771162,NA,-0.665384366655057,-0.650018554470282,-0.679820550030841,-0.646541160315375,NA,-0.541879978152514,-0.555724941593429,-0.641808588544186,-0.639077468162074,-0.553772984439482,0.539671798456983,NA,NA,-1.40865615250655,-2.71594361010593,-0.639250590153396,-1.19464856027247
0.221404286691352,0.0303357926576317,-0.933569082290234,0.279202966067707,0.149700196849119,0.11043567175558,0.215141975536686,0.285359417590818,NA,-0.613013975507629,NA,NA,-0.504291299169958,-0.83941705877421,NA,NA,-0.828925578372157,NA,0.126549831862036,NA,0.840511730564766,NA
-0.0545718704209623,-0.43210637345644,0.271739793008943,NA,-1.00065466058494,-0.859339376257717,-0.802286807751508,-0.921115541936255,-1.01924709561976,-1.0005922459429,-1.05127908796103,NA,-0.767822530518289,NA,-0.616901533051419,1.74243007503702,-1.60623954168013,-0.784970438197927,-0.90610578010769,-0.848177690642931,NA,-0.955461969882176
0.517415740372975,NA,0.931738716540663,-0.521490894146376,NA,-0.445992634481557,NA,-0.405561761417036,-0.591746667746354,NA,-0.546063954413775,-0.555724941593429,-0.507428575733629,-0.643326105483375,NA,0.629973664975908,-1.33627001921435,1.26509616065338,-0.26578893667832,NA,NA,-0.36633923147514
1.02359674543395,NA,-0.632338583925136,0.410147538381539,-0.137888517509394,0.460190607104638,NA,0.720481534141566,NA,-0.476542753523379,-0.189379978141283,-0.460888716510098,-0.534618305952107,NA,-0.235702220279336,NA,-1.05982647207958,0.151816223512206,-0.0301647612314785,NA,1.331394076205,-0.065520309427711
1.11573072434477,NA,NA,-0.888565023091707,-1.00065466058494,-0.763951666617064,-0.736534607470979,-0.803764425654387,-0.931369135839253,NA,-0.914253865404734,NA,NA,-0.988446183275245,-0.652628129243889,2.14565920177004,-1.31097552893343,NA,NA,-0.733302079050956,0.208154427388452,-1.5388241085885
0.396092203060122,NA,NA,-0.336880513507204,-0.425477231867908,NA,-0.324718195187662,-0.228875811060066,-0.532299812600716,NA,-0.597317663614221,-0.548104173506376,-0.308211513940546,-0.691695207295114,-0.31964237832378,NA,-0.64319021044145,0.0698593029556737,-0.420617718425989,-0.0547775521212055,0.576142045336423,-0.628152402732158
-0.921908611042992,-0.661732901667327,-0.266778233144288,0.0151671891070308,0.149700196849119,NA,0.00404280621498588,0.175919612518963,0.143326619358827,NA,NA,-0.0798503121574275,0.245517799547315,0.0492017778887569,NA,NA,0.7861235854111,-0.626641103532085,0.3663729524047,NA,0.197427324404481,NA
1.19142487903401,0.247822443306516,NA,NA,-0.137888517509394,0.498345690960899,0.543902976939334,NA,-0.319324992426783,NA,-0.191471966271913,-0.282224042469179,-0.363113853804781,NA,-0.242986283580714,-0.18497832841023,0.0774378752863197,NA,0.72175226540234,-0.226830905736479,0.026750808745372,0.596390851606154
2.32189342489452,0.675024947320727,1.34488553349207,-0.916471243420884,NA,NA,-0.743455891711034,-0.85386939665114,-0.95308016119679,-0.946003757149198,-0.884966031575908,-0.919828305752647,-0.83736549434632,NA,-0.549610662552981,1.044378765288,NA,-1.56378990047258,-1.41326406873762,NA,-0.871397688496266,NA
NA,NA,-0.315095476121437,-0.253161852519673,-0.137888517509394,-0.32198861194871,-0.0444061834654043,NA,0.585301064137257,0.560638533556917,NA,0.656823936257735,0.446826379049512,0.622767816264449,0.177755087113132,-0.989201387160455,1.46517783727282,-0.201341865090583,0.322146394381889,1.10360697138275,NA,0.192489648998728
-1.26163343905765,NA,NA,-0.0127390312221464,0.437288911207633,0.0182275524362831,0.0697950064955155,NA,-0.293995462842989,-0.32915383378039,-0.0931485241322822,-0.33472266706888,-0.371479924641236,-0.218462373353233,NA,-0.356864802056401,NA,1.34648128874092,NA,-1.01435239339649,0.159761210030749,0.56111732034015
NA,0.524488339478757,2.25708842904063,-0.673901789790344,NA,-0.56045788605034,-0.504671585429111,-0.549283915065616,NA,NA,-0.444602530078198,-0.670883214908903,-0.694619410699308,-0.548548811392805,-0.442777734132779,0.134878035422892,-1.66287154388168,-1.20226458207344,-1.40543419401159,NA,0.130175251151437,-1.15929389379942
-1.18026222276672,0.0851991097307484,-0.908013387494936,0.0452200417692214,NA,NA,0.163232343736268,NA,0.398689631897476,NA,0.284455333446514,0.363000988901343,0.689442433306705,0.135481797336724,0.301931023393756,NA,NA,0.39448494735541,0.113969600103561,0.073137536073502,NA,NA
-0.0295691449501718,-0.235550912754652,NA,0.279202966067707,NA,NA,0.360488944577857,0.222068927910709,1.30331568846152,NA,1.05744494771447,NA,NA,0.859711051490875,0.396623846311662,-1.08464420152575,1.57194985854737,0.0422417267030183,NA,NA,1.9158896154182,NA
NA,NA,NA,2.05232127313696,1.30005505428317,1.64617779697008,NA,2.1959410748091,NA,2.97344973823845,NA,3.05651913166989,3.31848019366267,2.1663304369188,1.91240273331258,-2.1845835211783,0.640731896867033,1.45346365969064,2.1013027870533,2.2250745351543,NA,2.51715531766059
-0.804937487624771,-0.645723571012006,-0.115937302889115,-0.598769658134867,-0.425477231867908,NA,NA,-0.603344541667376,NA,NA,NA,-0.744550639750419,NA,NA,NA,NA,NA,NA,NA,0.325084899856723,NA,0.0245093446977409
2.5028497634485,0.711508362200582,2.51664315599439,NA,-1.00065466058494,-0.445992634481557,-0.490829016949,-0.405561761417036,-0.499216345389232,NA,NA,NA,-0.572265624716155,NA,-0.383811507407343,-0.234599651101323,NA,-1.69999086658816,-1.5866608391213,-0.851467799767183,NA,NA
NA,-0.639058331755109,-0.190175629064858,0.826594210986182,1.30005505428317,0.498345690960899,NA,NA,1.29039245908203,1.31395967890997,1.53128025930226,NA,0.685259397888477,1.30353024243913,-0.230152457764001,-0.3327246991256,-0.496406741281998,NA,1.38487536671117,1.25000473142252,NA,1.61900885939296
NA,NA,-0.863156587631364,NA,-0.713065946226421,-0.59225378926389,NA,-0.59015902298402,-0.66049824804522,-0.629390522145739,NA,-0.681044239024974,-0.418539073096295,-0.809022961014131,NA,0.857740006517452,NA,NA,-1.23972660529245,0.592490938128155,-0.321549814765205,NA
-0.754482602639722,-0.524473620510946,-0.137452231812658,0.764341873328787,NA,0.380700849070761,NA,0.62027159214806,1.62226098954724,1.9089742067613,NA,2.28766830688716,NA,1.51007937990548,-0.0303610072119357,-0.681191555321153,-0.28638255680536,1.94924584981076,1.42184793030309,1.26745924416625,0.310810068281956,1.61595614722761
-0.967372412703219,-0.687181997011842,-0.266477325047455,NA,-0.137888517509394,-0.401478369982586,-0.155146731306296,-0.350182582946941,NA,0.844498675284156,NA,NA,0.99794129540098,0.775065123320331,0.0906931876538122,NA,NA,-0.173571810846194,NA,0.837773411736881,0.204124669124632,0.508227307242906
NA,-0.265889976294019,-1.11364108480916,-0.545103849809526,-0.713065946226421,-0.474608947373753,NA,-0.443799765598768,0.372326243963324,NA,NA,0.427354141636461,0.158196935191817,0.458378233755633,-0.40462311683985,0.0193184686152584,0.108892117194044,-0.0968372615065205,-0.479896686287625,NA,NA,NA
-0.755996485733507,NA,-0.546364841972914,NA,NA,0.221721333003008,0.0386492274152645,0.425125915634392,-0.363263972317036,-0.2909418916248,NA,-0.446493932345664,-0.361022336095668,NA,0.407376511185124,0.183381760756077,NA,-1.78246240036679,0.233465198280073,-0.00332121309706523,0.859780785924862,0.113656653446499
0.53288573323759,0.183965836901128,-0.779203228615019,NA,-0.425477231867908,-0.433274273196137,-0.369706542748024,-0.389739138997009,NA,-0.869579872838018,-0.968645556801126,-1.00450350671991,-0.709782914090383,-1.03910301287538,-0.296749607948023,NA,-0.80961125512251,NA,NA,NA,0.746521875848067,0.258310585719938
-0.692129542714457,-0.574478860486134,-0.0865557765769428,1.43409116122904,NA,1.26462695840747,NA,1.71994385033995,NA,0.358661125020228,NA,NA,NA,NA,2.12780289093902,-1.51871901533702,1.25099626940958,NA,1.47004185788574,0.417413587156033,NA,NA
-1.47584789682821,-0.87292637585675,NA,-0.154416765201046,0.437288911207633,-0.204343770058572,NA,NA,-0.125993480909668,-0.149011820761181,NA,NA,-0.129386749811322,-0.166825088986646,-0.303686811092192,NA,NA,1.43461356796264,0.648436324580412,1.60585664438707,0.712292149443226,NA
NA,NA,NA,-0.0492317808833781,0.437288911207633,NA,NA,-0.0666939312547869,1.00091212098154,0.899087164077856,1.27919568956129,NA,NA,1.06789428023464,NA,-1.13381848527368,1.32498512276946,0.51105437203535,0.350370645933376,NA,0.022594636810025,0.342194247911175
-1.38830287604544,-0.959627638024612,NA,NA,NA,0.263056007180623,0.149389775256157,NA,0.0828459058628306,NA,NA,0.020913176993612,-0.141935856066004,0.194309083323975,-0.0664344635616143,-0.552891378633374,0.770697268654757,1.17210364544517,0.498307215408255,-0.246136104862602,-0.345196910953536,NA
-0.88581196102556,0.207979832884109,-0.445152254259661,-0.173736456198169,NA,NA,0.0628737222554597,-0.189319255009998,-0.620694701556403,NA,-0.679951194774124,NA,-0.368865527504844,-0.769151133844994,-0.290506125118271,NA,NA,-1.15758853049565,0.439904739103562,NA,-0.634565544694307,0.436757331730677
-0.933144462129677,0.779489550474673,NA,NA,NA,NA,0.665025451140309,0.258988380224106,0.118514018950213,0.402331916055187,NA,0.133531194280068,NA,NA,-0.302993090777775,-0.105628915998799,0.518300098861947,NA,0.955228468519205,-0.110019935836121,-1.37942843565994,1.08574771104146
NA,0.183009103993439,1.56665480085782,-0.858512170429516,-1.00065466058494,NA,-0.667321765070421,-0.770800628945997,NA,NA,-0.857770185877712,-0.83938686483375,-0.789783466463983,NA,-0.658177891759224,1.93175106746654,-0.218257140489659,0.408875057825218,-1.19341674131575,-0.672846323892833,-2.20348046229008,NA
-0.947550005943974,-0.782334399864287,-0.928346177466636,-0.0664048395474872,0.149700196849119,-0.147111144274181,NA,-0.0363672382830682,NA,NA,0.124418241453285,0.15046623447352,NA,-0.0151814184417339,0.0195868554260805,NA,1.46259181909714,NA,0.451157562412389,0.343797395500904,-0.555340290837942,0.361139318757896
0.297855382927488,0.0104038570807874,-0.874827523101378,0.0559532034342897,-0.137888517509394,0.0722805878993193,0.0801769328555991,0.237891550330737,-0.0717159175158252,-0.105341029726221,0.0909464313631975,0.0361547131677188,-0.0838962396380981,-0.0462291527127827,-0.0764934081206592,-0.849948756365183,0.85227357117593,0.375730154372239,-0.107481278671238,-1.39236415899203,-0.955155775431717,-0.129860528620216
-1.39350684918032,NA,-0.643730104733806,-0.00844576655611913,0.437288911207633,-0.0453642539908184,0.0144247325750695,0.0928508448138205,0.106624647921086,-0.0725879364500008,NA,0.059017017428879,-0.00337280783721942,0.204440449244001,-0.331088763511659,-0.0575722296087768,1.38909682337498,1.18859032830131,NA,0.226042938425208,NA,NA
-0.657215613864044,-0.597759361239888,-0.43941350698435,2.84228197168598,3.02558734043425,2.58733653209118,NA,3.36549658202278,1.93241849465491,NA,NA,NA,1.73676992614541,1.97742948524863,5.1083722218312,-2.16759604133811,1.33154893973621,NA,1.69698063992834,0.145810240553294,0.69205822238616,1.71543805297466
0.911214580143766,0.281084857397154,1.04412789070771,NA,3.31317605479277,4.62545392807978,5.64142881974039,5.90370892856881,4.60701004703339,NA,4.37952209915562,NA,5.91719094723648,3.97396220800482,NA,NA,1.21770128539764,NA,2.85600920655827,2.65732471734228,NA,3.22540482382222
NA,NA,-0.874161226601248,NA,-0.425477231867908,NA,-0.203595720986686,NA,0.143326619358827,NA,0.264581446205525,0.125063674183342,0.189569700828523,0.11652633851861,NA,-0.803009667333069,1.67802149989934,-0.613604235238906,0.791217061367392,NA,NA,NA
-0.239100026899334,1.60807340036114,-0.804930870894222,-0.145830235868991,NA,-0.426915092553427,NA,-0.384464931523666,-0.490428549411181,-0.46016620688527,-0.513638138389003,-0.521854861206525,NA,NA,-0.0546412182165271,0.0447996883755484,0.692542052678499,-1.38295100227715,0.229148280741391,0.10834896129665,-0.26283453414659,0.0894986455466646
NA,-0.368366701073101,NA,-0.414159277495695,-0.425477231867908,-0.385580418375811,-0.348942690027857,-0.331722856790242,2.56565673424974,2.70596614314932,3.09713337507916,NA,NA,NA,-0.124360109815425,-0.551773781275466,0.0968330116039564,-0.0550964112695884,NA,NA,-0.0554774147775008,-0.762867272141686
-0.108977044103856,-0.3999069959299,0.287881363060472,-0.761913715443903,NA,-0.728976173082158,-0.670782407190449,-0.757615110262641,-0.852795901211976,-0.820450232923688,NA,-0.845314128901459,-0.733312488317912,-0.91621934881312,-0.498969079600547,1.1820667597822,-1.12029260539577,0.0519050194291032,-1.13178444168657,-0.248301286970106,-0.959693768252497,NA
1.23076218504908,0.301558941621689,-0.60598763201678,-0.251015220186659,NA,NA,-0.283190489747327,NA,NA,NA,-0.369290957375502,NA,-0.448343200451166,-0.477956068208104,-0.335944805712577,-0.060030943796173,-1.42540683320749,-0.0405919423059786,NA,-0.593980472826215,1.47500000706113,NA
-0.424314161654577,-0.227408052673658,-1.170620182288,0.770781770327828,0.724877625566146,NA,0.519678482099139,0.89321182889353,1.02469086303979,1.1283588170114,1.3482312978721,0.550133183038988,0.666435738506453,1.13227747656514,NA,-0.796304083185624,0.476313220426173,0.304599171228756,0.431934171316049,-0.0720264330446716,0.711776175273723,0.341190199723903
-0.833582994289982,-0.77361750003868,NA,-0.57086343780569,-0.425477231867908,NA,-0.546199290869446,-0.547965363197281,-0.927750631612997,-0.929627210511088,-0.865092144334919,-0.944384114033153,-0.808607125846006,-0.942691627507383,-0.386239528507802,0.280836250365609,-0.173127531632046,NA,NA,0.291542721174555,0.386825962804012,0.231941643427928
2.03439756361544,NA,2.14007816624365,-0.203789308860359,-0.713065946226421,NA,-0.155146731306296,0.0335160107387187,-0.505419495491385,-0.35098922929787,-0.297117366868751,NA,-0.584291851543559,NA,-0.364734198760878,-0.248681377810957,-1.06328347554361,NA,-1.28235048583228,NA,-0.257852803540038,NA
1.63378624992262,0.435841720398594,-0.463185246634139,-0.746887289112807,NA,NA,-0.611951491149975,-0.609937301009054,-0.563315563111484,-0.607555126628259,NA,-0.440566668277955,-0.586383369252672,-0.569791997999312,NA,0.895291277743145,-0.379586961887339,-0.590599118236178,-1.39079774626758,-1.7470790489504,-0.115629683458182,NA
NA,0.00381303038337746,NA,-0.235988793855564,-0.425477231867908,NA,-0.258965994907132,-0.108887591041526,-0.62276241825712,-0.591178579990149,NA,-0.642940398589707,NA,NA,-0.293627866533147,NA,-0.560913527997695,NA,-0.815728402438551,NA,-1.05366814374411,NA
1.14745130604423,0.356337215769678,-0.730391636621645,-0.519344261813363,-0.713065946226421,NA,NA,-0.468852251097145,-0.516275008170153,-0.525672393437709,NA,-0.541330157428995,NA,-0.468151520543563,-0.00226533447805157,-0.770152305010588,NA,NA,NA,NA,NA,-0.205955210934429
NA,-0.742470528710598,-0.429977888805093,-0.2574551171857,-0.137888517509394,-0.242498853914833,-0.31087562670755,-0.152399802696601,-0.818678575650133,-0.825909081803058,NA,-0.843620624882113,-0.662723765635324,NA,NA,NA,NA,0.129497257472277,-0.378415043200665,-0.328727520672859,0.447205260119274,-0.399756794879823
NA,0.312465696769338,0.115976866027004,-0.197349411861319,NA,NA,NA,-0.0811980018064786,1.81714328858989,1.65786715831028,NA,1.9836843354147,1.16160255613913,2.0359299529804,NA,-1.83522258709642,NA,0.449548562120018,NA,0.83150768921349,1.98693925855879,0.11793653561851
NA,0.373250127504482,1.1663180714573,4.51236192677058,2.73799862607574,3.8877889735254,4.74512251065317,NA,2.94043038625484,NA,2.95383218813097,3.16659689292732,3.06226927429623,NA,4.94222620652836,NA,NA,0.708989865053861,NA,1.51704789001113,2.1094237867863,NA
NA,NA,-0.93836211840407,-0.47641161515309,-0.425477231867908,NA,-0.414694890308387,NA,-0.699784865358859,NA,-0.765722708129972,NA,NA,NA,-0.338372826813036,0.616115457737854,NA,NA,NA,0.292510400328747,0.394828722173007,-0.0958445930635227
NA,2.99467703383977,-0.686996390371261,-0.0664048395474872,0.149700196849119,NA,-0.0478668255854322,-0.264476711505127,-0.510588787243179,-0.30185958938354,-0.63915742622683,-0.592135278009351,NA,-0.730259761442312,NA,0.583481614886956,-0.0224201390601823,NA,-0.422835600351733,NA,0.825197617213912,NA
NA,NA,-0.420004934738636,-0.235988793855564,-0.137888517509394,-0.280653937771094,-0.0547881098254879,NA,1.18028654476881,NA,1.50199242547344,1.29612170356055,0.87454175056327,1.27673114548938,NA,-1.20378007987869,1.21317575359019,-0.164556549584975,0.915263774228409,0.886641209023559,NA,NA
-0.899105746942858,-0.220009318187534,-0.49931571168956,-0.639555672462126,NA,NA,-0.470065164228832,-0.686413309372519,-0.740105341022856,-0.765861744129988,NA,-0.699672783237771,-0.402852690277942,-0.909029347192457,NA,NA,0.972110371775554,-1.19923408198775,0.0958446635307274,NA,-0.793882889011804,0.0507768679809358
1.06283943375566,0.122511693130601,1.54488195070842,-0.796259832772121,-1.00065466058494,NA,-0.656939838710338,-0.687731861240854,NA,-1.02242764146038,-1.00002537876058,-0.995189234613509,-0.888607678219607,-1.068516655869,NA,NA,-0.519124192617008,0.472763336361381,-1.73054614752142,-0.695369056206644,-0.679212789581418,-1.42836866608762
NA,-0.677986730732391,NA,2.5782461947253,NA,NA,1.35023259090583,3.20067759848083,0.990573537477947,0.882710617439746,1.20283812279328,0.291873820088844,0.237674608138138,0.995994264028005,NA,NA,1.25973305998229,-1.34303988794101,1.97300994011932,0.875839490464895,1.54324791046131,0.527030391477286
0.655746808067568,NA,-0.881812889634996,NA,0.149700196849119,0.511064052246319,0.41931986061833,0.782453471953339,-0.254708845529351,NA,-0.092102530066967,-0.200089097530937,-0.277361627731118,NA,-0.0705967854481156,-0.748470916267184,0.895257144116916,0.298328513818732,0.224691544011173,-1.06856661801008,NA,0.0630688518493651
2.09473999755677,0.606427197839459,2.31477680989057,NA,-1.02941353202079,NA,-0.65347919659031,-0.756296558394306,-0.776290383285418,NA,-0.64124941435746,-0.79366225631143,-0.756842062545442,-0.73222067097522,-0.534348815635809,0.648078742174009,NA,-1.49281139532083,NA,-1.55703895905659,NA,-1.08146494643446
NA,-0.392359436324802,NA,-0.461385188821995,-0.425477231867908,NA,NA,-0.420065831968728,-0.602085251249942,-0.618472824386999,-0.533512025629992,-0.603989806144767,-0.471872774678695,-0.63188746654141,-0.477810610010832,0.163935566728486,NA,0.983374011177544,-0.00156474560273831,-0.176632549612788,0.806996628384687,NA
NA,0.562608830667324,2.41201311203853,-0.862805435095544,NA,-0.751233305331644,NA,NA,-0.815060071423876,-0.820450232923688,-0.714468998929526,NA,-0.746907353427151,-0.801506141137982,-0.541979739094395,NA,-0.46653284381497,NA,-1.18462386190801,-1.68374444830856,-0.0920083859783268,NA
NA,-0.015417301061162,1.0050958118614,-0.759767083110889,NA,NA,-0.625794059630087,NA,-0.79231518771598,-0.787697139647468,-0.751078791215559,-0.775033712098633,-0.641808588544186,NA,-0.610311190064459,0.965699911291315,-1.65047122756008,0.799599911641245,NA,-2.0248029662034,-0.0125070859412768,-0.94937682935325
NA,-0.750911039029539,-0.527880487453186,0.0752728944314123,0.149700196849119,NA,NA,0.18910513120232,0.0471777927754487,-0.00162290101819094,0.208097766678503,-0.0104166473642741,-0.0310854174829763,0.0635817811300849,0.213134823148394,0.0667045965905357,1.23955673067408,-1.24318586310481,1.8513287932051,NA,0.188890531770051,NA
NA,-0.388202963359177,-0.937502380984548,-0.493584673817199,-0.425477231867908,-0.490506898980528,NA,NA,1.51422279193473,1.96902154443437,NA,NA,1.01258191936478,1.71303351656149,-0.279406600087601,-0.260080870861613,-0.384283099060545,-0.370916451646737,-0.393493669137903,NA,NA,NA
0.533689983631163,0.0805004881174335,-0.964412162215594,0.289936127732775,-0.137888517509394,NA,0.318961239137522,0.435674330581077,NA,NA,1.27501171330003,1.02092730041695,NA,1.06364564291334,1.19787080946317,-1.84170465177228,0.594794157329518,0.235107326496402,0.361214498106959,1.35797353305145,1.89084164935967,0.332447881164013
NA,-0.367495011090541,0.528134984945957,-0.592329761135826,-0.713065946226421,-0.544559934443564,-0.449301311508665,-0.530824188908918,-0.439769490243595,-0.42741311360905,NA,-0.402462827842688,NA,NA,NA,0.195675331693059,-1.44274572590627,0.761042039481741,NA,-1.46856889238462,-0.405965768766772,-0.53723026132913
-0.215776765485711,NA,NA,0.259883275070584,0.149700196849119,0.218541742681652,0.325882523377578,0.419851708161049,-0.327595859229654,-0.2363534028311,NA,-0.272063018353108,NA,NA,-0.0494383158584003,NA,1.32232727075556,0.348703430337551,0.0943669494501793,NA,-1.54901366595055,0.135664578359446
-0.146800467025138,NA,-1.13638113955553,NA,NA,0.387060029713471,0.0905588592156827,0.628182903358074,1.25730899187054,NA,NA,NA,0.613624916351332,1.72806715631379,0.143762791706705,-0.0926647866470718,NA,NA,-0.488387206693664,-1.32875135059335,-0.59157715676215,-0.683375053032156
-0.273611830552961,NA,-1.17650938361173,0.47025324370592,NA,0.393419210356181,0.315500597017494,0.637412766436423,0.25291560449687,0.484214649245737,0.426710526329385,0.0759520576223312,0.254929629238327,NA,0.202035298117724,NA,NA,0.250374185418678,-0.0162588687632516,-0.870627847020177,NA,-0.289159365766603
NA,-0.837888690704068,NA,-0.611649452132949,-0.425477231867908,NA,-0.497750301189055,-0.638945442112437,-0.936021498415868,-0.929627210511088,NA,NA,-0.714488828935888,-1.01655255324693,-0.455611559949492,0.590634237977564,0.584099894665487,-1.10772822719893,-0.880822974798147,-0.981136806428863,-1.16710764478023,-0.888048754722563
NA,0.789014358088994,NA,NA,-0.713065946226421,-0.210702950701282,NA,-0.114161798514868,NA,-0.520213544558339,NA,NA,-0.630828120571339,-0.499852891325581,-0.335597945555369,-0.135133486247556,NA,-1.34242997597408,-1.40014728083162,-0.722355208619163,-0.69951379328052,NA
0.601176053421292,NA,NA,0.208364099078257,-0.137888517509394,0.145411165290486,NA,0.327553077377557,0.680932961545456,NA,0.875441980349617,0.805852289960113,0.519506619441214,NA,1.80591666504958,NA,0.904191477744716,NA,1.15600008886579,1.75058515788586,3.36615111299502,1.24488427777374
-0.0573394379517875,3.13494470847255,NA,0.523919052031261,0.437288911207633,0.186745839468102,0.197838764936547,0.378976600242646,-0.595882101147789,-0.22543570507236,NA,NA,-0.622462049734884,-0.782223864064383,1.39939656080128,NA,NA,NA,0.899230882308936,0.371860090972461,0.86677223592163,NA
-1.1109074535327,NA,-0.341725842691138,-0.691074848454453,-0.425477231867908,-0.639947644084216,-0.504671585429111,-0.649493857059122,NA,-0.776779441888728,-0.660077307533134,-0.736929871663366,-0.630305241144061,-0.75019567502688,-0.580134356387324,1.06382495931559,NA,0.876963432696818,-0.406647159581676,-0.569546574182876,-0.778313368447045,-0.462312039517176
-0.940075208168411,-0.756980977810541,NA,0.0838594237634669,0.437288911207633,0.0659214072566091,0.0421098695352924,NA,0.342344351802915,0.506050044763217,0.422526550068124,0.1047416259512,NA,0.264575008253191,NA,NA,1.75003492270834,0.0443192393403821,0.150680876581299,0.144467585726853,0.10915188361503,NA
0.0927951869896587,NA,-1.03740386913303,-0.291801234513918,NA,-0.417376321589362,-0.418155532428414,-0.37127941284031,-0.794899833591878,-0.700355557577549,NA,NA,-0.601023993216468,-0.968837087946161,-0.160433566165103,0.944018522547911,-0.354274513146868,-1.2089164344628,-0.304954913837465,0.513758142945238,0.707963126161096,-0.3979008270185
-1.02903949435161,-0.74291700406752,NA,-0.253161852519673,NA,-0.271115166807028,-0.155146731306296,-0.189319255009998,NA,NA,-0.0293428861480535,-0.41601085999745,NA,-0.159308269110497,NA,0.738827647636096,-0.477891569482475,NA,0.339850125640219,-0.350125325969921,-0.362639417753591,NA
NA,NA,NA,-0.564423540806649,-0.425477231867908,NA,-0.431998100908526,-0.540054051987267,NA,-0.782238290768098,-0.744802826823668,-0.771646704059942,-0.686776219290131,-0.829285692854184,-0.533655095321392,NA,-0.987714277743036,NA,NA,-0.467589479299359,-1.32563554861839,NA
NA,-0.772628876034069,-0.331881849237608,-0.439918865491859,-0.425477231867908,NA,-0.42507681666847,NA,-0.76491794143147,NA,NA,NA,-0.602069752071025,NA,-0.347391190900456,NA,NA,0.34088893326123,-0.358640240167704,-0.166846894166025,NA,-0.392556045253927
NA,0.389408283278778,2.22284938630816,-0.678195054456371,NA,-0.541380344122209,NA,NA,NA,-0.716732104215659,NA,-0.6276988624156,-0.6705669570445,-0.697904754149324,-0.577706335286865,NA,-2.09829235421264,-0.647168453169152,-1.34869381834628,NA,0.340140619947365,-1.17448646131997
-0.706109306908627,-0.668844616281146,-0.058442362958566,-0.388399689499532,-0.425477231867908,-0.649486415048282,NA,-0.661360823874142,-0.419609252411596,NA,-0.229127752623262,NA,NA,-0.345921492992275,-0.533308235164184,NA,0.56462394527986,1.11846951185306,NA,0.286571269519896,-1.35748147436012,-1.07279362118074
0.790931837457889,NA,1.13487317533828,-0.635262407796099,-0.713065946226421,-0.563637476371695,NA,-0.553239570670623,NA,-0.683979010939439,NA,-0.688665007112027,-0.572788504143433,-0.749868856771395,-0.607536308806791,NA,-0.839197817236683,NA,-0.265992548375994,0.436488962483036,0.0417011603067277,NA
NA,-0.748955051751598,-0.236386515364178,-0.369079998502409,NA,-0.417376321589362,-0.470065164228832,-0.372597964708646,NA,-0.973298001546048,-0.964461580539865,-1.05530862730026,-0.862986586282964,NA,NA,1.05264898573652,-0.293727566762688,NA,-1.03794653902691,-0.94186112875811,-0.0976918414554036,NA
-0.79819597697276,-0.710377454840469,NA,0.764341873328787,1.01246633992466,0.374341668428051,1.46097313874672,0.612360280938047,0.881501481515083,NA,0.907867796374389,1.44769031329194,NA,0.719832838143412,NA,-0.168661406984781,-0.670648695098549,2.05498933707766,NA,0.826209645844291,-0.461332377025311,NA
NA,0.200134623041064,0.883937316015227,1.83336477516957,NA,1.60166353247111,NA,NA,1.57883893883216,1.86530341572634,1.46956660944866,1.93457271885369,NA,1.24601022947382,NA,NA,-0.109806003246871,NA,1.24583916264752,1.51114504717056,2.00193862766625,1.28544173939903
0.46412232458708,NA,NA,NA,-0.425477231867908,-0.395119189339876,NA,-0.343589823605263,0.618384531348742,0.478755800366367,0.760382633164942,0.553520191077678,0.685259397888477,0.581588716073374,NA,NA,0.422123568723886,-0.578591476387198,0.396288142303828,-0.248301286970106,0.467286974796338,NA
0.565954617067453,NA,0.447771029656117,NA,NA,NA,-0.463143879988777,-0.574336400563993,0.39455419849604,0.276778391829678,0.641139309719006,NA,0.168654523737385,0.469490054442113,0.393502104896786,-1.38773660499026,NA,-0.096284528786487,-0.580820800348333,1.26943089044292,NA,NA
0.0184966432774982,-0.364103924451067,0.514422173104577,-0.952963993082116,-1.00065466058494,-0.881596508507202,-0.81612937623162,-0.948805131171303,-0.998569928612582,NA,-0.981197485584909,-1.00281000270056,NA,-1.05086847007283,-0.618635833837462,1.70174953120918,-1.40149514431219,-0.749443066124117,-1.11762600080363,-0.559518998947565,NA,-1.03992372042366
1.63369163222926,NA,-0.700171866325439,-0.557983643807608,-0.713065946226421,NA,-0.483907732708944,-0.550602466933952,-0.237650182748429,-0.28002419386606,-0.0847805716097604,-0.286457802517542,-0.288864975131244,-0.210945553477084,-0.181592035754819,NA,0.68777408166708,NA,0.214492607858551,1.38416135016176,NA,0.238554162802694
-1.000157443453,4.15148405325725,-0.283500125953995,-0.169443191532141,0.149700196849119,NA,0.00404280621498588,-0.156355458301608,NA,-0.27456534498669,NA,NA,-0.264289642049157,NA,-0.483360372526167,NA,0.16947498049733,1.37766303805033,NA,0.917231966285443,-1.12913710564649,0.16350409627928
0.811913310960814,0.19469187583288,0.983709843550781,2.37646275542202,1.30005505428317,NA,2.41957100599444,2.72072471840667,NA,2.43302369918082,2.10657699522564,2.34016693148687,2.28108740994225,1.84310718224441,NA,-2.19821820894477,0.562253428618815,0.891715678396995,2.03169292867703,NA,2.34377409483295,2.12276721808005
NA,-0.597493602098863,-0.205457461696866,1.44267769056109,1.8752324830002,0.984823010128224,NA,1.37448326083602,1.77268737952446,1.67970255382776,NA,2.54762117385665,NA,NA,-0.0865523526797041,NA,-0.654557915338732,2.02477963496554,1.70795732033388,0.0448329208133964,-0.0882314550575626,NA
-0.674270453092464,-0.610505169643427,-0.51601611106378,1.64446112986437,1.8752324830002,NA,1.13221213734407,2.04958181742385,NA,0.795369035369826,1.13171052635185,0.689000512625294,0.756370999998344,0.928996521653636,2.88118315239577,NA,NA,-0.50239060001859,NA,-0.346677968983114,0.194088971527796,0.517598423657451
-0.410878449197237,-0.405243439481674,0.237758671502327,NA,-0.713065946226421,-0.722616992439448,-0.60503020690992,-0.749703799052627,NA,NA,NA,NA,-0.690959254708359,-0.919814349623452,NA,0.798060307605193,NA,-1.34189630300301,NA,-0.943409415404816,-0.838723624212477,-0.718324043469951
-0.92053665448925,-0.79598378934731,-0.248895694818226,-0.600916290467881,-0.425477231867908,-0.589074198942535,-0.445840669388637,NA,-0.771638020708802,NA,NA,-0.74793764778911,-0.694619410699308,-0.766863406056601,-0.560363327426442,NA,-0.756606861750745,0.838710516520781,NA,NA,-1.01007864590448,-0.256309748811287
-0.892719052640953,4.18881789738839,-0.730477610363598,-0.248868587853646,-0.137888517509394,NA,NA,-0.213053188640038,-0.690480140205629,-0.667602464301329,-0.669491254120971,NA,-0.507428575733629,NA,-0.214890610846829,0.408018829695481,NA,-0.945301046505264,-0.636925872562096,NA,-0.527438987622058,-0.899935062555731
-0.623673641567372,-0.629692979625403,-0.172830426625997,-0.0148856635551601,0.149700196849119,-0.077160157204369,NA,0.0506571850270815,NA,NA,NA,-0.140816456853855,NA,-0.229901012295198,NA,-0.554679534406026,1.47880830807383,-0.788801447740219,NA,NA,-0.679450137699389,NA
