"","V1","V2","V3","V4","V5","V6","V7","V8","V9","V10","V11","V12","V13","V14","V15","V16","V17","V18","V19"
"1",-1.03934645023131,0.317598601818614,0,-0.365412620918304,-0.217645255308552,-0.0528215338856574,0.507754429148605,0.426289040361252,0.147937628723508,-0.568793858222471,-0.508835675977134,-0.482530120530137,-0.461812422932404,0.463272741843651,-0.419573667123513,0.268366891155597,-0.503981627094636,0.424043901629075,-0.46989567251674
"2",0.452528366958045,-0.864571357706582,0,-0.365412620918304,-0.217645255308552,-0.375057427703382,-0.394226333237128,-0.405795187579489,-0.227060365856967,1.40939166734355,1.32878287106474,1.42279071720072,1.0773902399095,-1.35566398991727,1.33041406255865,-1.82866388287821,1.68568912192015,-0.39932736857356,-0.514227178067045
"3",-0.210527107348333,1.55960332068928,0,0.0476950793954866,0.16455903684857,0.462756969657093,0.397659295085723,0.25659365172999,0.17817755242553,-0.484411715756756,-1.04962787588139,-0.633836291516967,-0.270685230209201,0.987024900464442,-1.411658167473,2.39188367951838,-1.04653026631929,0.0926194967280554,0.391287046254977
"4",-0.40391828735436,0.50068204829562,0,0.0491477057795585,0.223184259331657,-0.353575615839145,0.360801014322493,-0.393134800388134,0.152346188633405,-0.797314764847171,-0.962208117499256,-0.943890031182973,-0.913779122952518,0.773855857626702,-0.74810876344786,0.442562917240488,-0.930606391869332,0.659244233179614,-0.543056925748273
"5",-1.75765654739655,1.33283191850161,0,0.0875108474073762,3.17762072750486,0.728554826213653,0.0598599018530609,0.429800991279211,0.166570007955393,0.319136178269308,0.242393462849268,0.405463777979147,0.13023940915443,-0.422188078626888,0.97441699985425,-1.10437500802084,0.455240563609663,-0.118424288492183,-0.396031682346695
"6",0.154857674536835,-0.772902530383903,0,-0.0228696645100438,-0.217645255308552,-0.203198826206909,-0.304224433728519,-0.143498953476779,-0.0706207774424134,0.366724421545182,0.126579743769783,0.37439335923852,-0.063495993549318,-0.355841225018141,0.0689613368807074,-0.224629161002558,0.379424608557792,-0.778754921291884,-0.342968461267935
"7",0.300955585350468,0.557832523868957,0,-0.0166668736000952,-0.217645255308552,-0.330030105107532,-0.386981514838026,-0.313612605553344,-0.400735934244551,-0.991663361563907,-0.97041055294584,-0.975609880002122,-0.86690985146998,0.94029245347959,-0.989026878521003,0.663236374584721,-0.973914105215718,0.71790397407274,1.25288065552176
"8",0.346813712102971,-0.61092295739271,0,-0.365412620918304,-0.217645255308552,-0.341524980762075,-0.432195722510104,-0.431116472435677,-0.016889560834751,-0.622605649594154,-0.958967676494203,-0.876918425272461,-0.913779122952518,0.621259468381928,-0.403697993024221,0.456833939974,-0.643674539464016,0.461732572692612,1.06057579464131
"9",-0.997905483087157,0.863091156827147,0,2.70405339479545,-0.217645255308552,-0.0743039876450994,-0.307382144879654,0.0246634189384852,-0.0099683769904148,-1.07762940523912,-1.11192461648193,-0.631355864314221,-0.359480582753544,1.07171591025593,-1.11430117439906,1.6586528951651,-0.472054083815528,0.831708555526313,2.46080894668606
"10",0.589531150246049,-1.14233214633826,0,-0.365412620918304,-0.217645255308552,-0.439505237534984,-0.627178747527621,-0.537130171869168,-0.311531331523171,1.88116439001115,1.97038996550286,1.8540348270534,1.59670873917175,-1.80986596711004,1.6748640703959,-1.14517248828033,1.94298807988274,-1.49997850659094,-0.592355550420987
"11",0.562072047433414,0.237824742943676,0,-0.365412620918304,-0.52682825686993,-0.718777059070959,-0.574229737371751,-0.583043110490063,-0.431369737014776,-0.435942796377978,-0.975169877144877,-1.03070506810977,-0.391870654365965,1.27744815352354,-0.522326058695165,0.359385349391216,-0.450437008500203,-1.86242244490506,0.975306591812599
"12",0.376030414066257,0.79829932763067,0,-0.0296289234525172,-0.382338611222158,-0.368377029052328,-0.364694540883321,-0.380836591791317,-0.0205508921341302,-0.501671730040161,-0.670165293306599,-0.67914983767578,-0.596672550662825,0.657643561394963,-1.20664930340438,0.480108896329381,-0.674235724833007,-0.272806351879874,1.13096457658956
"13",-0.100017861630603,-1.32363307855396,0,2.70405339479545,-0.217645255308552,-0.48247090295423,-0.342002380881319,-0.246458129930936,-0.256342562951219,2.21581632534674,2.31387665662701,1.99681157276433,1.96534412860681,-1.90769553441198,1.49832849068021,-0.496330071368285,2.21302424454191,-1.5634115765943,-1.1497263314294
"14",-0.80451430308113,0.885287797037091,0,-0.365412620918304,-0.217645255308552,-0.632847313636285,-0.0788182496628977,-0.557722005666932,0.137526758751844,-1.45820049880629,-0.975169877144877,-1.50176845701395,-1.35244775935651,1.12684746565668,-1.46407277057758,0.505155776709617,-1.50818382048334,2.56559594507191,1.24423529631223
"15",-0.11383151734532,1.02507072981834,0,0.0221889653802999,0.223127494058624,0.634616715737787,0.285037052779936,0.163929539904247,0.0335748791373294,0.199457620630248,0.203541693163826,0.210197109949984,0.17975356447475,-0.712632254071713,0.235853156128512,-0.16189037195108,0.20610576628623,-0.473747435287099,-0.405928425181482
"16",0.566345766774208,-1.15960997814663,0,-0.0923947694533357,-0.340015596600375,-0.460989794854615,-0.37815616452528,-0.51385723185384,-0.349011836530603,1.86262272894149,1.93311337933694,2.13680366210962,1.74090294180722,-1.81573604852029,1.77933785733857,-0.36220247512474,2.2334043713744,-1.52187104542333,-0.633179138066982
"17",-0.735446024507549,-1.61519630993811,0,-0.365412620918304,0.76468641948479,0.935370256333872,0.854142664975884,0.782443642291857,0.075592195963714,0.606802504783417,1.04060889469971,0.735360953126213,0.92414752036497,-1.32579234136866,1.13535843577245,-1.23850252378784,0.794059776698462,-0.425283482491743,-2.06526492808948
"18",0.051932351231275,-1.33983103585308,0,-0.365412620918304,-0.062159959100263,-0.246163540383864,-0.129929598006423,-0.114602724816271,-0.123459226677097,0.365162822615128,0.42794055455025,0.393061619641551,0.568681727769475,-0.596589665962259,0.615651514641574,-0.389408551059955,0.630808424909673,-0.493303951025202,-0.413002548694688
"19",0.363985795302383,-0.14118219571825,0,-0.365412620918304,-0.217645255308552,-0.293148747895404,-0.423050167025878,-0.367813385634677,-0.093877505450914,0.124905364509676,0.133431358150983,0.0458013647797958,-0.0877129188872866,0.223243357818461,0.256886029428898,-0.0379832548102899,0.0858511144169023,-0.659253465031093,0.468171578372569
"20",0.340337343270952,-0.627120914691829,0,-0.365412620918304,-0.217645255308552,-0.418022977117471,-0.420211528563973,-0.344381624838664,-0.0200247576446556,-0.575711023642155,-0.971929437306381,-0.599693716728507,-0.929923739683051,0.642773868959718,-0.392308572678448,0.4248569246215,-0.595177126625956,0.425233643889214,1.01154814525179
"21",-0.0209780455296569,-0.238369939512966,0,-0.365412620918304,-0.217645255308552,-0.0528216112224291,0.00656293957505094,0.0879660727485892,-0.122790193294311,-0.141277856227497,-0.391890700382949,-0.145024052832388,-0.131552455148584,0.13855901568564,-0.232857302864161,0.0913244084777336,-0.14613924477091,0.113506557726942,-0.10065525118486
"22",-1.01171913880187,0.207617735067122,0,-0.365412620918304,0.432119730373853,0.411497593120826,0.179868216017422,0.504793921367966,0.14677752208348,-0.515096145320635,-0.667328105611614,-0.291537047327773,-0.290019177621968,0.27590006760158,-0.220623078023874,-0.701992299766744,-0.260610583183141,0.28292578963809,-0.53878126412616
"23",0.673546858393504,-1.63139426723723,0,-0.365412620918304,-0.217645255308552,-0.439505701555614,-0.598158527130901,-0.469098137646523,-0.379815427401265,1.5999019463065,1.66128100292056,2.24098178321588,1.49695053798573,-0.325373353478613,1.51749440068595,-0.994568657833557,1.65521359160331,-1.43616740214777,-0.5613583507956
"24",0.250752308266454,-0.12498423841913,0,-0.0313972082493151,-0.217645255308552,-0.187506244806485,-0.285312453573063,-0.228547834393779,-0.0614206027290346,0.258271186104702,0.270052333312783,0.260771647806404,0.0898778588521743,0.384601265337161,0.220472381342574,-0.67516673223211,0.271819559682941,-0.776135217052006,0.179825700754577
"25",0.30678889205331,-0.157545337972341,0,-0.0370500180915133,-0.217645255308552,-0.0528218432327441,-0.259933642353923,-0.405795461047424,-0.228889357850937,0.234778276758222,0.356650948680136,0.110292561346655,0.0818055584784932,-0.219898697673556,-0.289804148331969,-0.118106096709594,0.152086469303458,-1.08240220860764,0.287300996842761
"26",1.23990674269687,0.391804940128438,0,-0.365412620918304,-0.709710258248489,-0.681428036727803,-0.478955122434576,-0.743261530419279,-0.318847426322916,-0.843035761689115,-0.855273605162032,-0.775220798340548,-0.849200654577371,0.610502258411561,-0.818762963303006,-0.0313544795020992,-0.757375515556173,0.49099661640918,1.75505858660332
"27",0.770242448396518,0.381936584813557,0,-0.0389815974274111,-0.217645255308552,-0.443470353072575,-0.472977761794857,-0.467719694214789,-0.415679258839185,-0.836323548870884,-0.732136867384768,-0.857074992023788,-0.606839178392876,0.673947780001595,-0.737199805000297,-0.0402963085214633,-0.687715607991468,0.522420762293148,1.28113726113866
"28",1.10002711218173,0.263766736759733,0,-0.109016901926368,-1.00818609127362,-0.718777059070959,-1.31251380616881,-1.08615338913927,-0.19029417032415,-1.00892334219035,-0.584332869240356,-0.616929878819412,-0.511001179480393,1.27744815352354,-1.03011390819666,0.519977680887406,-1.01976933326978,-1.86242244490506,2.20605166560968
"29",-0.431545598783792,0.470658288538091,0,0.0562073279217158,-0.217645255308552,0.275913750563795,0.449701916491212,-0.241208191959441,-0.25219008147592,-0.92070566544663,-0.942765475843529,-0.896761865218295,-0.862654500641969,0.610502258411561,-0.631485595279966,0.558806807159381,-0.767808716649899,0.622036467306161,-0.734147018804498
"30",0.329317835086398,0.644376412921747,0,-0.365412620918304,-0.217645255308552,0.462757124330636,-0.425440096544995,0.252553364625566,0.796971357696256,-0.797009151000256,-1.11966903913481,-1.12509313204007,-1.00046373386175,0.804131708708111,-1.29776435353208,0.762895194590121,-0.75482802836163,0.829735598072614,2.39567508546061
"31",0.16362442477374,0.136644188311434,0,-0.0136647134637129,-0.217645255308552,-0.156437301460407,-0.200638245835459,-0.101942207727647,-0.0134411683975611,-0.32811301107999,-0.255792245247806,-0.261771809275488,-0.216971164948413,0.240808126476211,-0.263132350752986,0.178344665411465,-0.245826547133288,0.0225449101417044,0.45402445954346
"32",0.742615136967086,0.42329553712768,0,-0.0726429797112986,-0.217645255308552,-0.723751120691225,-0.291568123781098,-0.788523662532818,-0.103229162888363,-0.654134861603964,-0.776111146139911,-0.747936076786477,-0.686736906209781,0.395358446263111,-0.881134483830826,1.61394366959174,-0.612167278099886,-0.0852513009061019,2.59214678902113
"33",-0.105973543204396,0.992674815220102,0,-0.365412620918304,-0.217645255308552,0.119860617373514,0.275421830696574,0.27787437601382,-0.11980946034673,0.503242626202739,0.521913304325458,0.388327083052405,0.345625539418651,-0.374014011134317,0.391836627948284,-0.262463782731779,0.641208825454789,-0.553840812002428,-0.477217064980169
"34",-0.192386819134149,0.242021329178032,0,0.027190415967534,-0.217645255308552,0.128370240861392,0.212329220901527,0.179802754761683,-0.122790395029138,-0.382846882770086,-0.4696612378419,-0.390224095838775,-0.607031393932609,0.370314645554958,-0.354147484252524,0.230702038458668,-0.396130244725362,0.164199299605711,-0.214735595187741
"35",1.04651556269084,0.0836395876704516,0,-0.365412620918304,-0.0134491465286933,-0.0134943167805515,0.0830147921157466,-0.00516040203876,0.0129590900398014,-0.137779333888018,-0.142478324651148,-0.561903857989604,-0.127783670340559,0.212486176892511,-0.0221537696244222,0.0918827153422407,-0.142501924234888,0.262840405511504,-0.492041929056534
"36",-8.04511280433494,-0.108786281120011,0,0.869025238123278,7.01934330453873,7.65937294680198,9.44712061511845,7.8539700559451,-0.248856042255088,0.0535243000673455,-0.144358345234609,0.0730861086577339,-0.0608052509750163,0.234000538744411,1.17724135636617,-0.532097467922284,-0.0571105969293346,0.743549260605723,-12.5948868390246
"37",0.359902966851772,0.741159444178357,0,-0.0178853970589079,-0.417642506033413,-0.482470237857994,-0.415320361606054,-0.355153142013987,0.0413515753661654,-1.24789565208432,-1.28650655864838,-1.29214605089972,-1.14976041717917,1.7184929877908,-1.30478851357536,0.874144716638794,-0.836348421053518,0.954826236441345,1.59923748622598
"38",0.592812854508717,-1.3724180075694,0,-0.101094228308707,-0.334274717935213,-0.546918221697332,-0.562979605868025,-0.393134830013827,-0.349275146013841,2.25321283310101,2.40460879478801,2.26380796326263,2.00301488790091,-2.15798304751022,2.12385482729497,-1.39622615785553,2.20538178295828,-1.79924234761581,-0.900613293143455
"39",0.209872174423468,-1.87436362672402,0,-0.365412620918304,-0.217645255308552,-0.181372281190899,-0.249166321092481,-0.051299911483205,-0.0346816196365028,-0.0751484138495762,-0.0752804820819424,-0.0816657112490095,-0.851891423790291,0.588987896559661,-0.107260120608414,-0.022412650482735,-0.0775556252419194,0.0410106704905716,0.391886001092589
"40",-0.223589109584565,-0.220641135436207,0,0.0177355293599733,0.226757154547547,0.218448637200501,0.27615372803388,0.543746123645714,0.0129075259545072,0.294205095429887,0.327486989842039,0.358335504859907,0.348260346645574,-0.368402173997138,0.797881727651833,-0.28080049853327,0.406837710795369,-0.281366416151296,-0.430181467519841
"41",0.304722981443465,1.02507072981834,0,-0.0166884027342847,-0.217645255308552,-0.335096122833035,-0.456102484423665,-0.317772386365512,-0.227393453756125,-0.964548791187683,-0.994083450104147,-0.999294984066373,-0.888100703661768,0.963054710327085,-1.01256877321299,0.678946647611198,-0.762470558728103,0.735698378348529,1.27779721906589
"42",0.348509353666325,-0.0925883238208919,0,-0.0230788008173724,-0.217645255308552,-0.363303650135579,-0.420951994938942,-0.481758688918639,0.00648334767192779,-0.86538584049467,-0.891008804184174,-0.898097490149612,-0.927232970227962,1.11609028473073,-0.927609483850177,0.618443248407245,-0.894778317839512,0.653481844796034,1.26440223082088
"43",-1.57807902310524,0.691251054884693,0,0.120144345549964,0.739671414344176,-0.117268856495598,1.07573285495201,0.903398853399822,0.316578880143641,-1.06177103082463,-1.1092396890152,-0.904203157988466,-0.892252969249162,1.01121935892089,-0.608706841717179,0.379970041676052,-0.889846190937865,1.95794146110567,-0.537581942703677
"44",-1.7162155802524,0.0269739411081741,0,0.038168544828746,-0.217645255308552,-0.0743037943031703,0.411805323752519,-0.266529203347695,0.0803812134396423,-0.0164507234404587,-0.0211066769751609,-0.00974922171610189,-0.0231409596272881,0.00284814957168831,0.0370415582956429,-0.0325251183252594,-0.0172986278003705,-0.0518740052870529,-0.537836184669985
"45",-0.200232491785177,1.05746664441658,0,-0.365412620918304,0.204953705097015,0.527204176261876,0.248115033966314,0.20313671847111,0.00787264770710218,0.547351471047093,0.373852074421946,0.378558277821609,0.332968367242488,-0.755661074590238,0.394822711739246,-0.266577202569481,0.702349320590328,-0.269939176895718,-0.414265453017073
"46",-1.32943322024035,1.86736450937254,0,2.70405339479545,-0.217645255308552,0.545767679196258,0.851863049911116,0.716858287376439,0.268534215066586,-1.01128427067879,-1.05478212626654,-0.760338235124073,-0.502091392207053,0.277029359262936,-1.21803868787361,1.75701309485465,-1.04657233630433,0.140054112368477,-0.349348127923099
"47",-0.0618505110303887,-1.40462286504956,0,-0.365412620918304,0.020283190743668,0.0174818032723545,0.0581680707951731,-0.532400894007102,-0.39664460063644,-0.990704474758159,-0.958967676494203,-0.417433473292084,-0.378717185804359,0.398797536485575,-0.397915774753077,0.54092312497769,-0.420674785124446,0.515587267193,-0.276754369323657
"48",-0.36769232098706,0.879289114126267,0,-0.365412620918304,0.317276298378449,-0.00985662636677344,0.889704576562426,0.358061225464385,0.0868787663968335,-0.104692178220916,-0.0581253774780916,-0.038672427139365,-0.0498837046646977,0.0302530039918133,0.194244550666522,-0.0156807553128415,-0.0467089186312271,-0.597088869095678,-0.38261555475149
"49",0.0795596626607074,0.383882386626755,0,-0.365412620918304,0.0421992815979924,0.0374129593109249,0.104076350680756,0.0918738006109721,0.0850659369359685,-0.622972365339621,-0.748339088450213,-0.639184584103262,-0.580423965886818,0.610412348850696,-0.607604363199608,-0.0402963085214633,-0.831253400809203,0.609302291200312,0.244028938484474
"50",0.447862443443555,-1.07403131721104,0,-0.365412620918304,-0.247468901647627,-0.418022629101999,-0.367550502681391,-0.203226253280661,-0.269858275885161,1.81116567908151,1.81484877392912,1.77326215641919,1.61636320724234,-1.69067347585127,1.62930649151723,-1.09550064941793,1.79098786488845,-1.40765923662294,-0.660333175660098
"51",-0.721632368792833,0.318022763520784,0,-0.365412620918304,0.249135720633593,-0.138751271586654,0.372890330837139,0.31425852329974,0.123203015947206,-0.447015130332578,-0.356245897447892,-0.504603699298569,-0.542452918292384,1.13760466594557,-0.446852793612951,0.289062360933434,-0.387986203929096,-0.0586061873264383,-0.132299788672329
"52",0.337323297155358,-0.270765854111204,0,-0.365412620918304,-0.217645255308552,-0.439505365140657,-0.432195722510104,-0.345682284126259,0.00042677382129409,-0.777832959217017,-0.800583067087519,-0.859555423691307,-0.714128792485827,1.55713512867946,-0.830517341139511,0.00441286071831998,-0.804232280614382,0.585258538770553,1.17428897688072
"53",0.642365013776178,-1.40462286504956,0,-0.365412620918304,-0.394689353511264,-0.367775930349108,-0.683134436655044,-0.494418567915415,-0.365254544430646,2.00365595123805,2.07987012619511,1.84659338917809,1.60747197585514,-2.96088558477811,1.91973571091632,-0.478446413329557,1.93534538902297,-1.6400066851515,-0.656504087212216
"54",-1.31561956452563,-0.805298444982141,0,-0.365412620918304,-0.217645255308552,-0.332092968737774,0.369581175321838,0.301847772517185,0.148430844265462,0.627378232438875,0.64545296465352,0.651973501457385,0.575467053009243,-0.6301199848933,0.673467234391143,-0.666224903212746,0.169919108941405,-0.715935687117694,-0.984194469742742
"55",0.936006316973113,0.624436774424738,0,-0.09429025657908,-1.00566812858003,-0.966119849832756,-1.26864406158828,-1.04510236342392,0.102229271756389,-1.11048072281095,-1.13637692318088,-1.16472507081662,-0.224942122107566,1.13526886158462,-1.1041448790579,2.17727938067093,-1.14771334201128,0.786053038783155,2.56375738849694
"56",0.0226171488340628,0.101617212496753,0,-0.365412620918304,-0.217645255308552,-0.439505237534984,-0.465946334206709,-0.0256301055359908,0.0114576742722322,-0.168968093561245,-0.508546535735335,-0.174425124682936,-0.553216009674217,0.167534159375027,0.285359503415014,0.115128903343764,-0.35996352380252,0.137030440010881,-0.439459074411505
"57",0.0189244975432876,1.0736646017157,0,-0.0065620052095924,0.00579183216173826,0.00679117486702966,-0.14007910458518,-0.0128262507215513,-0.0203128346209234,0.269165611948828,0.321006029089243,0.345933435817779,0.106022483816462,-0.260830267922913,0.266720211700758,-0.970247572730377,0.278410625111532,-0.530239518264034,-0.193303508080634
"58",0.936006316973113,1.98075021046638,0,-0.365412620918304,-0.685667409459658,-0.661713304007317,-0.816022030816932,-0.25386873183706,-0.224470739745008,-0.770160294549338,-1.44216715383991,-1.45647013386324,-1.28589364972322,1.40749943759168,-1.32054310196964,1.73018760779656,-1.44922517263602,0.63228016422958,2.1859210140035
"59",0.168597822417349,-0.238369939512966,0,-0.0163080897408543,-0.156499306861357,-0.150062549719258,-0.10977497882751,-0.166972311286443,-0.352757342175529,-0.112345447973321,-0.1142344063905,-0.395715056814698,-0.100454968338971,0.126428632670186,-0.138226722163529,0.09555554662377,-0.116061510785071,-0.0256485350102076,0.357882451770415
"60",-0.232592327221163,-0.317672429968472,0,0.0160147373453129,0.247908744730577,0.239408139125081,0.201851557962374,0.238456039637334,-0.000760263753465488,0.245301816556792,0.301563496798362,0.561850977290195,0.496827688817525,-0.542607766249833,0.729545308081615,-1.00601488880783,0.559463214043669,-0.407314150839995,-0.813646227307729
"61",0.0731492023082514,0.150381035665898,0,0.00804282648401848,-0.217645255308552,-0.525435052572752,-0.11969249631957,-0.329832085047745,0.0764479046386492,-0.949094982275961,-0.980798084976754,-0.886840140780605,-0.87895755624607,1.83682211351687,-0.938998863194181,0.640009293700195,-0.841443448176117,0.677635603834988,0.470259108504676
"62",1.33660233269988,0.195198398887845,0,-0.0586582267010277,-0.555213498429672,-0.525435187912102,-0.718938709254637,0.0626450613603357,-0.0195801135530132,-0.368910609923733,-0.498825196679997,-0.447804117367829,-0.528999060119324,0.386796637085679,-0.056321876905107,0.319635023872751,-0.421103881372374,0.238941098817474,1.24951062336429
"63",-0.189907214529282,1.18705030280953,0,-0.365412620918304,0.205005460266255,0.1980956055052,0.0632192896009072,0.60704864072185,-0.00368074918494479,0.381463950092785,0.487085536966869,0.469954840602804,0.434669205307126,-0.637332084404788,1.04844810397125,-1.04178228536183,0.521475780930535,-0.357285405131376,-0.432899585597184
"64",0.504593839236281,-0.870090274178619,0,-0.0836056432295526,-0.217645255308552,-0.275296484182243,-0.54047896240638,-0.456221532949349,-0.415679213650583,1.62801796261401,1.623663012732,1.72009140092325,1.31955949328919,-1.69325443608821,2.2557225604463,-1.45310682263529,1.7960065298556,-1.41643005483553,-0.531515306186035
"65",0.142053229943976,-0.373718386712635,0,-0.365412620918304,-0.217645255308552,0.0331080878101815,-0.280317557906517,-0.126026004265951,-0.090914357451518,0.424613856351452,0.625859715320987,0.462513625966168,0.563135265918683,-0.589890862485666,0.582835730031757,-0.934480176176379,0.513833319346904,-0.489465833640862,-0.386052831391439
"66",-0.542054844501522,1.75397880827871,0,2.70405339479545,-0.217645255308552,-0.0313391187946013,0.326470461042156,0.279184656450426,0.157146130624236,-0.684819291167844,-0.696492064449711,-0.926377956481015,-0.847332763903136,0.416872808115011,-1.29776435353208,0.56440594078719,-0.624904851638289,0.742764708589527,0.270891905987719
"67",-0.400204895538257,0.622056312891276,0,0.0598379738877276,0.267186589356132,0.250671348773432,0.434744990974909,0.369931145049425,0.186790584302801,-0.841117980310628,-0.754819973376716,-1.01262424121673,-0.92893247672152,1.58940671986468,-0.932128935210065,0.609616807087476,-1.02583390957506,0.61359746903859,0.16707082933169
"68",1.29516136555573,0.0531932918711819,0,-0.0839029207840009,-0.66309213258725,-0.633262427241821,-0.574229737371751,-0.583043110490063,-0.431369737014776,-1.00892334219035,0.0829181235249486,0.0579608641363756,0.0835644879720909,-0.041361784280766,-0.0451571595398687,0.630341511743182,0.0746064665478241,-1.86242244490506,0.975306591812599
"69",0.245323531237302,0.490538138947403,0,-0.365412620918304,0.138340911947835,0.129459339820664,0.0459386196813829,0.196614373844192,-0.346940066248509,-0.790296917470049,-0.606675059431034,-0.59703068467394,-0.790003729471449,0.568056720108271,-0.552489715592074,0.0670057201874482,-0.739542944701069,0.480462544441983,-0.34347787090461
"70",-0.105087257090671,0.32855856595621,0,0.00892183886263128,-0.217645255308552,0.076073111334223,0.394695966987926,-0.342492670503352,-0.329007911877248,0.144050965574062,0.147767565287462,0.150459751355202,-0.351408330813713,-0.938533440775563,0.160303562995705,-0.108772060055125,0.148905548224972,0.279723554028808,-0.543335007630661
"71",-0.376290975924927,0.476181123198681,0,-0.365412620918304,-0.180999083617484,-0.611364859876843,-0.183225894170395,-0.145496929827115,-0.32601933951426,-0.850706863902091,-0.819546960325603,-0.820018384735075,-0.733601238313967,0.788095860291164,-0.859273202660932,0.544083704015692,-0.820968750291712,0.496063691309753,0.865007595275918
"72",0.0397321626452776,0.455308264922921,0,0.00834260931716144,-0.0970397615270601,-0.0962358544807272,-0.36047564939851,-0.0545850595680345,-0.370849316929387,-0.860295731959572,-0.761300840804844,-0.775227646168263,-0.697006160459414,0.743476909087674,-0.904830725162169,0.504966393899922,-0.851633493250271,0.545849230473781,0.390297972882309
"73",1.4332979227029,-0.431570872699706,0,-0.365412620918304,-0.302736078656276,-0.286106952447286,-0.420951858248812,-0.291850351469916,-0.281507435384715,0.17913862696017,0.70530253653062,0.274000912994948,0.637623633627358,-0.65241441639586,0.900386151998312,-0.871887212087746,0.700836584053808,-0.399064742802851,-0.449357649410963
"74",-0.0723905502011709,0.247568779460614,0,0.0179304986990626,-0.0126115126923182,-0.015416548229606,0.0377648621216814,0.0375885399233541,-0.308834499708349,-0.900569029580934,-0.949246357853636,-0.740990122819023,-0.884180656767018,0.708940965092576,-0.221467882518387,0.472496106295508,-0.80323074361024,0.574457694033555,0.512428329294688
"75",0.425323365180387,0.448903032507565,0,-0.0329312212592053,-0.435330162858711,-0.419572424131597,-0.533447701883945,-0.507079814251865,-0.019855572968071,-0.863172402732805,-0.793845531601475,-0.803843447670119,-0.862654500641969,0.778023426608283,-0.819410374956918,0.0222965509476649,-0.851633493250271,0.685445344149574,1.30792347053423
"76",-1.2051103188079,-0.116637222252554,0,-0.365412620918304,3.17762072750486,2.95490920668236,4.28411753738986,5.63328846428414,0.738125059641305,0.280780731929352,0.445219856341311,0.555265218900244,0.357511948531412,-1.05686233414629,1.00332763447829,-0.156540246726281,0.381362609573792,-0.272874189121609,-5.87859253167418
"77",-0.485640583675689,0.10178716376854,0,0.0664255784009462,-0.217645255308552,0.335088533746593,0.54066744798896,0.456639124806958,0.190619567078106,-0.954266737304775,-0.94600591830678,-0.926527013975112,-0.921851430591277,0.954732406256443,-0.637180290077189,0.494824595190021,-0.912773793501091,0.702347683113157,-0.390771334000488
"78",-1.10841472880489,0.462334759398045,0,-0.365412620918304,-0.696014438487804,-0.668873428285856,-0.874277726040389,-0.719774027665529,-0.352757180787667,-0.350167433502167,-0.837476960532587,-0.856712483831236,-0.7426444193142,0.834118572075862,-1.04719797926275,1.94479174569092,-0.311560785626295,-0.316549505709308,2.74233658795838
"79",-0.391447371282232,0.182776950264136,0,0.0506771826439737,0.300100448087987,0.376826999945781,0.44187347720808,0.371652701088793,-0.0946970853439167,-0.502237796491763,-0.508546535735335,-0.50906886470598,-0.558597543256671,0.675045411737568,-0.341056360505208,0.285433405475283,-0.472054083815528,0.431274535060711,-0.180201259007398
"80",1.19846577555272,-0.115900913766818,0,-0.0631311806963085,-0.478780185886583,-0.224681434639894,-0.449071128977529,-0.431116472435677,-0.140423950254121,0.0190043750604124,0.157509104937454,0.0458013647797958,0.148032086777894,0.298543721114836,0.279664818868234,-0.612574009573102,0.15140954682974,-0.164626843048192,0.762182767043497
"81",-5.05278057894131,0.0313841218957489,0,-0.365412620918304,3.17762072750486,4.24424823138937,6.69170761348484,5.48136198575272,1.09928233051179,0.415024988293971,0.303333924425936,0.463985441696183,0.21156837167529,-0.917018885294212,0.575788774066321,-0.0671218760560975,0.480715527265556,-0.5437503765359,-8.22592678810984
"82",0.836127390884118,0.538115835668348,0,-0.0742509436313546,-0.217645255308552,-0.777303162791194,-1.01589298416407,-0.836350237736643,-0.0944602422357147,-0.807556913630476,-0.793705242106192,-0.906683589655985,-0.658156035616698,0.970671534658845,-1.37179531414288,1.54240895696028,-0.75482802836163,0.542882768113783,2.32092079897604
"83",0.158111412223343,-0.0910352388963958,0,-0.365412620918304,-0.126659216134211,-0.120384514959843,-0.221509234421733,-0.151494859240327,-0.0488930736367195,0.00174436077700652,0.00344300599251967,0.138005131867751,-0.12000207194816,-0.12929852917665,0.621346147936143,-0.0716307683758651,0.142018996422041,-0.122288068377118,0.13465464763726
"84",1.04651556269084,0.368078024586073,0,2.70405339479545,-0.434040130508867,-0.310610708320261,-0.535317604586791,-0.0259788089389731,-0.0352607745049725,-0.642628194045017,-0.657606766556276,-0.668081577521566,-0.488637558250918,0.330815263892686,-0.707785371075234,1.69442021124256,-0.594334730172396,0.00452296385486584,1.2158582713722
"85",-0.134035109070294,0.279964694058852,0,0.0158942449284651,-0.217645255308552,-0.61136486761052,0.154392016724856,0.12908027775692,0.0383992723753555,-0.0851371065819444,-0.0896193630571303,-0.0849096581573487,-0.0819998268888628,0.0788731740137064,-0.0648461123882627,0.0400082679569785,-0.986651669583075,-0.747217777275158,-0.742144417596323
"86",0.450098681035126,-1.08661085065796,0,-0.0779884691830091,-0.24772038029595,-0.353575809181074,-0.170674114532193,-0.402684361263293,-0.272367275969571,1.7517773744892,1.81711121766625,2.14424509998493,1.63544930936776,-1.71082613318408,1.6860302735142,-0.549981125961012,2.24104706223417,-1.01833126219497,-0.608325620721971
"87",-0.638750434504536,-0.360308647482454,0,2.70405339479545,0.154387251287781,0.150332273253852,0.161972471125006,-0.291850214735948,-0.0320796632830189,0.627898014509876,0.621520073384659,0.705595759721662,0.55610663745369,-0.755661074590238,0.62147717279133,-0.415188836925391,0.622810793876391,-0.465550151581805,-0.428009402372605
"88",-1.23273763023733,0.607184442002225,0,0.072754907505668,-0.217645255308552,0.357868402950722,0.0740642844705991,0.492746043391808,-0.264004492032998,-0.969608941730727,-0.996052136902608,-0.966213898331552,-0.921851430591277,1.12684746565668,-0.819410374956918,0.424679235058798,-0.990344870938067,1.00993225869426,-0.336549709843579
"89",0.253609187926643,-1.14545554826365,0,-0.0423462160798135,-0.217645255308552,-0.181715483074593,-0.203789029797102,-0.228889679067055,-0.357706593485659,0.891961645569098,0.758465411660689,0.742802056143513,0.471967106460291,-0.540517359256513,1.0826160574953,-1.17590980112884,0.922752090593703,-0.727242567434572,-0.340751905486143
"90",0.374100937804495,-0.722489323125785,0,-0.365412620918304,-0.217645255308552,-0.214863465477391,-0.398131902095629,-0.317171522381131,-0.197302553182441,1.15880867190265,1.20291711405811,1.18540053543877,1.08357023534015,-1.12140571014616,1.10367794183363,-0.724066542162919,1.19884672035707,-0.9487201707207,-0.372615586036517
"91",0.298750776266432,-0.416547469803278,0,-0.365412620918304,-0.217645255308552,-0.176267310632978,-0.439227408290718,-0.273433998781305,-0.371596615355952,0.869599751872671,0.90290979725693,0.889186174196885,0.813543084444071,-0.8464013000099,0.825482230128619,-0.9791893212732,0.577521187038917,-0.713522412482938,-0.372070225622934
"92",1.25372039841159,-1.06446576176805,0,-0.365412620918304,-0.640230262694325,-0.614580444433611,-0.461026605849628,-0.481758695755337,-0.330129424374612,-0.605771607600411,-0.855273605162032,-0.775220798340548,-0.846509887786144,0.623293147438204,-0.261330725598065,0.486369490998509,-0.757375515556173,1.10599001439116,1.56339428137731
"93",-0.413547646406547,-0.400349512504159,0,-0.365412620918304,0.287401809924665,0.270469966975168,-0.354850531628459,0.385128285311285,-0.237106493479832,-0.953307855677021,-0.92345095389451,-0.904203157988466,-0.833345163243602,0.860341449264868,-0.489118363730358,0.539261814655796,-0.889846190937865,2.51092895843477,-0.50770571555617
"94",1.25372039841159,0.468919547413736,0,-0.365412620918304,-0.802207281207055,-0.770437647921861,-1.01559780730524,-0.0386394171835755,-0.106288589821959,-0.673312623608897,-0.857132712115274,-0.880117114910905,-0.758842501110552,0.858755936878356,-0.967460726039071,0.661096825313025,-0.86622523371936,0.588962084810126,2.22311231656993
"95",0.468738268685666,-1.42082082234868,0,-0.0814620810842271,-0.217645255308552,-0.236765690801886,-0.356234686254743,-0.41905542244699,-0.275589598680753,1.85719221986745,1.83105098624538,1.88360356865942,1.71665569460806,-2.92861365474136,1.7704034600094,-0.290667842969826,1.93789287621751,-0.737478616507507,-0.676825779170834
"96",0.174669526458054,0.33737565569212,0,2.70405339479545,-0.199647148015665,-0.193423170097972,-0.394226378800505,-0.329832039469755,0.016475337905774,-0.734681456846687,-0.586383017230743,-0.680964475340739,-0.52392749980945,0.524444743233654,-0.249941356504503,0.399825693398953,-0.660570039203724,0.434368347684498,0.745714808049242
"97",0.316619878254316,0.568429085033216,0,-0.0180436808526421,-0.356015252089825,-0.418022919114892,-0.259223651039928,-0.355153178476379,-0.359641789289359,-0.956184513505268,-0.989546727062984,-0.995160610853677,-0.927232970227962,0.959313567025903,-1.01012295392714,0.67759235294073,-0.992969312895298,0.731294990519973,1.29295883156552
"98",-0.647421424913246,0.437932601774401,0,-0.365412620918304,0.509746316365029,0.483947862323419,0.736577490351179,0.618077699605576,0.210692475752648,-0.668951059329026,-0.699441593317496,-0.715690500826914,-0.8088391091185,0.470658809559486,-0.571361169108052,-0.0939473631141899,-0.692412758801114,0.892789076467602,-0.428378346051118
"99",0.624234806371649,-1.2965705513265,0,-0.10234803605247,-0.372256808338649,-0.332093200748089,-0.65900500187267,-0.565744582865693,0.587764756078696,2.70484885517799,2.16206732496788,2.13212823570003,2.51426130474181,-2.03124026034001,1.99158305092219,0.415737397991779,2.4397528976177,-1.45162185053155,-0.735831863864973
"100",0.645919546964072,-0.432745427102397,0,-0.365412620918304,-0.298110873734659,-0.277400743367161,-0.42797619693497,-0.4437774133996,-0.364871316847742,1.59523315003891,1.65569667344554,1.63229103411128,2.23711191355769,-1.18594879570186,1.5226984564937,-0.999488533126107,1.65033230654011,-1.23759929379573,-0.604924987375457
"101",0.632105891249356,0.927882986023625,0,-0.365412620918304,0.026419049762951,0.290897764933801,0.111638654457288,0.125947897482396,-0.0303676984732248,0.311871562213426,0.322561713627008,0.3236095686692,0.0898778588521743,-0.185529904626538,0.758018884572155,-0.961305743711013,0.322565146605259,-0.246452105393694,-0.25942927624098
"102",-0.609316697452469,0.570848720034012,0,0.0807108803256334,0.458103491752807,-0.375058069598587,0.683933778337146,0.576219142186128,-0.0929036828986052,-0.897692369163689,-0.928291139875168,-0.842192399786286,-0.840032713095495,0.855322385114631,-0.392308572678448,0.317377190254578,-0.826158357637273,1.96552152010637,-0.574424670654419
"103",1.2490326531092,-0.546131128196233,0,-0.1170651888698,-1.1779201486954,-1.13045383008158,-1.50454306701946,-1.24168010584894,-0.425392408508373,-1.05567656847519,-0.968688997467886,-1.11244669057036,-0.935305278835398,0.997761178367606,-1.24777867262004,0.371028204609034,-0.945891464066085,2.46719563480616,2.83641044960736
"104",0.665220298534326,0.493343713564842,0,-0.0572721811083238,-0.217645255308552,-0.546917610736836,-0.420952063284007,-0.443777087516978,-0.0646548062361135,-0.593724941061892,-0.886399308550304,-0.733053513570002,-0.44558521694051,0.878098931718462,-1.44582629012935,1.66759472418447,-0.89360348138029,-0.346681019568319,2.29381365122693
"105",-1.21892397452262,-0.872171149315205,0,-0.365412620918304,-0.217645255308552,-0.546917726741993,-0.00363665209907932,-0.405795187579489,-0.349932130641365,1.78048114595775,1.76300170034989,1.47245132412687,1.32886395846828,-1.40989004308424,1.42635696805367,-0.56786478399974,1.48021482835888,-0.719643444036358,-1.1128114209756
"106",0.208326637198075,0.440782056513551,0,-0.365412620918304,-0.243353556673125,-0.235992339675905,-0.147522451675341,-0.279189811592297,-0.17619313429693,-0.741693544251336,-0.764707212143838,-0.79010338388089,-0.683491604511027,0.739554307935517,-0.774657055629778,0.518861518645714,-0.772660599216733,0.567995360474266,0.941745955810535
"107",1.01888825126141,-1.08066371906717,0,-0.00855155973450941,-0.217645255308552,-0.128241479907523,-0.420951983548098,-0.127656363168456,0.000524413498259133,-0.290817448646301,-0.299342247451477,-0.757857807921327,-0.833056034456469,0.291609785449109,-0.310267283777817,0.208743866856858,-0.739542944701069,0.218959902417796,-0.414910985703056
"108",-0.279595385921914,-1.58280039533987,0,-0.365412620918304,-0.217645255308552,-0.160405894155577,-0.384674924945856,-0.336328900909951,-0.28610401790365,1.92335546124401,1.99553848986245,1.87387806608442,1.79473949252228,-2.34772530385171,1.56097022570364,-1.23197939445679,1.99133171117048,-1.55537075802562,-0.643314265882937
"109",0.0342252573790055,-0.233118427999564,0,-0.0100873857663271,-0.217645255308552,-0.138751503596969,-0.218494347566502,0.290534710790488,0.151376616567392,0.380778889768463,0.394239056969906,0.36081595438652,0.119476390423373,-0.374301247450761,0.376183400857291,-0.248904149535092,0.40938524384514,-0.529951121426295,-0.387769094683134
"110",-0.196713451633617,0.212473618138408,0,-0.0139997377818775,-0.192950665056142,-0.460987807299583,-0.422351914493488,-0.189665563264216,-0.00324356668048848,-0.364363628234976,-0.505306128268834,-0.378948958640928,-0.528999060119324,0.366516403151049,-0.393372713116087,-0.254900446415828,-0.376707014384858,0.271666244538731,0.594693135964938
"111",0.424901055528613,0.240182598362515,0,-0.0149800416203029,-0.211136546935038,-0.0313391574629871,-0.157971424864464,-0.206642157327221,-0.219174575138319,-0.569752745028219,-0.422993285517133,-0.666081889800397,-0.39984218148965,-0.0672008176263636,-0.442832113525615,0.298499774942335,-0.51026682735835,0.307290984444199,0.659267183809264
"112",0.383460088384464,-0.286963811410324,0,-0.0418138526764036,-0.322223555057188,-0.396540639363187,-0.311779183274173,-0.365632832612026,-0.376464496923304,0.0732981428999872,0.0801946067270614,-0.152632900735337,-0.251849814236762,-0.0579731461152434,0.154381605082419,-0.165482075745645,-0.11794978706617,-0.501054316215144,0.529893298136749
"113",0.00211961067816335,-0.270765854111204,0,-0.365412620918304,0.000539615189158562,-0.289128254560819,-0.00146328840825225,-0.456437634231295,-0.00329635539847309,0.0288315204514725,-0.259032681878265,-0.229526255639792,0.026798298871549,0.0618855471144865,0.0285554801279032,-0.0189047334432385,-0.196922715491129,-0.465454731006718,-0.519378233105506
"114",1.09644386446747,0.333188430708361,0,-0.365412620918304,-0.217645255308552,-0.967909907677677,-1.31036872544401,-1.08387196034336,-0.200495483445835,-0.632080465071757,-0.644337155803524,-0.676543943804976,-0.475183724294783,0.212486176892511,-1.16678647570037,0.558075020902993,-0.581597179561608,0.406104405559933,2.63616162736603
"115",0.201491766381204,-0.043994451923534,0,-0.365412620918304,-0.217645255308552,-0.611364828942134,-0.550323009630722,-0.43111646104118,0.0090198654713157,-0.5542049625311,-0.761300840804844,-0.859555423691307,-0.851891423790291,0.554352652294685,-0.58582082773374,-0.00452899244400668,-0.573045846584522,0.553658926508183,0.214063749563464
"116",1.36422964412931,0.187130062773171,0,-0.00223763136018391,-0.217645255308552,-0.0842558980454775,-0.0927740860372495,-0.165244861537751,0.866458051658732,-0.313372430610327,-0.323311793031635,-0.324057109840399,-0.289197179519765,0.311762713675173,-0.324476191104051,0.21693082684654,-0.884751159229742,0.241606409879662,-0.462560635182697
"117",-0.119016843565341,1.05746664441658,0,0.0128779636193013,0.103733917180746,0.0991101621197897,-0.289341878221561,0.189250414558533,0.0707958587014131,0.0707843143507514,0.129820151236284,0.100370897183406,-0.0527328537336339,0.169457356373986,0.0161105639418996,-0.612574009573102,-0.00219260261229352,0.0120297818616645,-0.377100671231823
"118",0.0724758803585191,1.54340536339016,0,0.0132884895050695,-0.217645255308552,-0.165907181426057,1.59846860304198,-0.203226549537591,0.106740139568048,-0.836323548870884,-1.29944321121972,-0.926527013975112,-0.685063703528968,1.24284576722974,-1.27026276264987,0.844729798168136,-1.30021469413512,0.7640557775061,2.36407906640797
"119",-0.772562729299463,1.18705030280953,0,0.084935871946638,0.666731125148016,0.636638840848542,0.904049549191188,0.683012085088514,0.182426227867571,0.0343465121724434,0.0682518260935907,0.0631644221706179,-0.103713216406586,0.0623975866631291,0.0245037899823491,-0.0337337695677354,0.103683754054848,0.141275983372712,-1.1362246190422
"120",1.29516136555573,-0.286963811410324,0,-0.00882433266195346,-0.217645255308552,-0.58988243705211,-0.184502733930621,-0.149898424608636,0.00715407770404235,-0.405174831416096,-0.417385470123135,-0.931487875077763,-0.372684401404162,0.825646118967373,-0.603012157170398,0.33526085634096,-0.418951268238965,0.307569575653517,-0.487699766642635
"121",0.565357028853722,0.713956460337499,0,-0.365412620918304,-0.594649026657936,-0.573892720818268,-0.70740664666298,-0.545061447558118,-0.424645240805977,-0.9772800465327,-0.962208117499256,-0.966213898331552,-0.929923739683051,1.22445664221749,-1.30764560807548,0.880687023655568,-1.26084264797777,2.27039474859357,1.89837601594534
"122",-2.87832804815325,0.0537695125355345,0,2.70405339479545,6.57288671031826,0.720546337433625,3.38555112776377,0.556406617945343,0.0364541355020225,0.145577562869015,0.201109873762234,0.203520542709601,0.0172270828382687,0.0403710884478614,0.579397761444266,-0.449643038175351,0.218321824190015,0.141172257249994,-4.63699469101992
"123",0.177496398233822,0.895487071425386,0,-0.365412620918304,-0.202998524361092,-0.13875131025504,-0.229094391145414,-0.18546965445247,-0.0686208616810278,-0.610984929455328,-0.597373638111093,-0.752896931191968,-0.533752867661079,0.492173171411386,-0.607561892141726,0.407260983267518,-0.538289438702085,-0.00157410750684515,0.758985621882614
"124",0.568381617556778,-1.15989618442001,0,-0.0926196596028886,-0.217645255308552,-0.332092698059073,-0.601250680279067,-0.515838487202241,-0.248312197437017,2.31649931050044,1.93345663032014,2.1591275292582,2.04606725342825,-1.40109251103559,1.19081521764077,-1.16811739811618,1.92727119155478,-1.52229360097942,-0.650907448085495
"125",-1.50901074453166,-1.17785146286189,0,-0.365412620918304,0.837597859438099,0.799415944838784,0.820796576326509,0.950961507141837,0.238814208963326,-0.401947372792506,-0.21602883761408,-0.336184781624932,-0.205511400116957,0.761102936596948,-0.0490619352337239,0.010441935387937,-0.205417881582825,0.0640764901862638,-1.37245446474675
"126",-0.721632368792833,0.330385457537424,0,-0.365412620918304,-0.217645255308552,-0.246163424378706,-0.191722192235939,-0.367813818625573,0.0715947747276055,-0.454686198888593,-0.353005402489515,-0.550873358378116,-0.499920807948496,1.2559337703724,-0.524662493401591,0.346302484394081,-0.408366307833972,0.431708455414464,-0.0882495963350547
"127",0.176255252663721,0.17110028766917,0,-0.365412620918304,-0.14537128404923,-0.140270868601745,-0.343599961956929,0.0120028334828774,-0.00250709032141723,-0.411536266739957,-0.300925885786961,-0.365949885734015,-0.518235992954415,0.997761178367606,0.000624968562701075,-0.755643273882929,-0.337035909775486,-0.0125620580208374,0.460274251362438
"128",0.991260939831977,0.206849001937956,0,-0.0553954065878481,-0.532530985344106,-0.510644984766978,-0.468338073543516,-0.127263310271879,-0.318847450531095,-0.385882452436481,-0.4696612378419,-0.409024604818284,-0.345169974737998,-0.572788708404913,-0.762463462861234,1.74807126583528,-0.398650968022318,-0.139772472897659,1.2202351691666
"129",0.218422128730776,-0.0601924092226533,0,-0.0075185110469061,-0.269932841013584,-0.262390146575763,-0.405476454868789,-0.233331594880605,-0.219174635658767,-0.943718977263551,-0.968688997467886,-0.894281438015549,-0.908397584526679,0.610502258411561,-0.477728943384584,0.662586036009498,-0.988612157062006,2.44942878665877,1.13517803500882
"130",1.19846577555272,0.782101370331551,0,-0.0307929777255726,-0.135450395994972,-0.126998870028318,0.131211693786465,-0.18875181127993,0.141858384097461,0.552145905075834,0.580241222001651,0.658467620545625,0.486677815659178,-0.744903990479013,0.489267281134326,-0.320109149255307,0.53757086293721,-0.428609038038978,-0.402649664714608
"131",0.411087399813896,0.245783490301866,0,-0.365412620918304,-0.217645255308552,0.119037980184721,0.0583481715666138,-0.0766209912384423,0.0529396540810661,-0.33290749688867,-0.413843212629148,-0.409963035771968,-0.371982150054149,1.01927554990098,-0.390656781308255,0.0133547058329925,-0.413168575059598,0.321123870635554,-0.247869750411226
"132",-0.532409871410525,0.152448027506283,0,-0.365412620918304,0.447515059347856,0.441274786576352,0.961425773570639,0.0499845670607062,0.139835810195797,-0.417289587574446,-0.443737773962182,-0.2037120850225,-0.483255976234613,-0.0672008176263636,0.308138241602138,0.0726761511786277,-0.21602794011675,0.211409695554612,-0.663470276589763
"133",0.420817081960594,-0.918684146075977,0,-0.078205085278489,-0.205487952703775,-0.0743039876450994,-0.424737499861613,-0.369872950372912,-0.285472401486158,2.25225386862535,2.3948877182083,2.00197007090717,2.00301488790091,-1.74532259111016,1.89190936410779,-0.460562674814287,2.0201693521834,-1.58044984549188,-0.957185553473432
"134",0.259137186952018,0.0480513239273587,0,0.0510804139115982,-0.217645255308552,2.52507090649132,0.546766163769529,0.454896143405856,-0.352757229204025,-0.188115433880883,-0.178021649460937,-0.115426515018017,-0.289520573530865,0.00809954567001154,0.399253399359479,-0.0299088373125245,-0.0797371581614183,-0.30698126645151,-0.413434532409496
"135",-0.635186206636675,0.420605360508725,0,0.0793178062182594,0.50134724657838,0.226450132976774,1.09080298108467,0.606709635319423,0.205253934599008,-0.641419221356263,-0.670822790928775,-0.647374486670198,-0.609378305221611,0.481415990485436,-0.54564933168562,0.347791251412391,-0.663926961751236,0.562641263556367,-0.319659119451386
"136",1.33660233269988,-0.364587974323614,0,-0.0554082281031493,-0.324436283721523,-0.307361783953551,0.290682828014676,-0.403439363913821,-0.150800643164455,0.565951333900365,0.590321277618966,0.573971044251812,0.534649795582223,-0.250073086996963,0.689682618758574,-0.323590652068898,0.585701685008299,-0.577065502776753,0.199142444176037
"137",-1.62878646890589,0.62643657656946,0,-0.365412620918304,1.34724283139767,0.870923204402633,2.74458572219346,1.57137988993186,5.3195677092441,-0.685778152083623,-0.751579530913465,-0.894300493221717,-0.872527851355602,0.82670804559416,-0.0449325590637575,0.245842485670777,-0.586692153950695,0.919062989265634,-0.645521956454344
"138",-0.127645173060036,0.582746383790091,0,-0.365412620918304,-0.38442149597785,-0.718777059070959,-0.574229737371751,-0.359207817107717,0.0187147939601046,-1.00892334219035,-0.975169877144877,-1.03070506810977,-0.937996048290487,0.986052020831475,-1.04069436281334,0.630341511743182,-1.01976933326978,0.749167366477397,1.36169126510121
"139",-0.763073335936981,0.927882986023625,0,0.0826844256032767,-0.217645255308552,0.419792294148524,0.83057278162401,0.834938586408932,6.04805496832418,-0.166060959678767,-0.336641500580037,-0.145191641450967,-0.241086722854928,0.285776290364794,-0.208663165457884,-0.28172593347392,-0.328864337307625,-0.665261710343901,-0.439715984613243
"140",0.436816588451915,0.279964694058852,0,-0.365412620918304,-0.456291163054429,-0.439505365140657,-0.34200235809963,-0.532400900843801,-0.376464476749822,-0.904129639269871,-0.965448557337751,-1.00342034209093,-0.829078490634548,1.21290500019753,-0.927609483850177,0.655130474796673,-0.934779268511083,0.474587359316525,1.43519752311165
"141",-0.652564090219252,-0.432745427102397,0,-0.365412620918304,0.148909012177092,0.140928791949441,-0.0848456228678232,0.187372004519251,-0.185552197987758,-0.457562859305838,-0.356245897447892,-0.294996448282133,-0.553216009674217,0.278970832855117,-0.18729972398549,0.16857493378411,-0.300587972225682,0.246952056812872,-0.0823268865310644
"142",-0.196713451633617,0.846893199528028,0,-0.00239252947411981,-0.217645255308552,0.0331083198204965,0.0175868291842219,0.012903239330291,-0.211748514393613,0.199805277217213,0.311284719197864,0.205893331329413,0.0925686982941774,-0.0134148161818884,0.575788774066321,-0.133933848288696,0.20664941179316,-0.627792704331594,-0.179563261608027
"143",0.219056939204475,-1.43701877964779,0,2.70405339479545,-0.217645255308552,-0.181715483074593,-0.19031483638268,-0.165244861537751,-0.233222833856142,1.92623209577128,1.94854662972818,1.91604539550271,1.61823506723697,-1.84754722064845,1.85113717259569,-1.2236715888321,1.94614931380291,-1.50633013954156,-1.21489671212481
"144",0.134617851086855,0.607055759042617,0,0.00242138441688428,-0.217645255308552,-0.196958980332855,-0.381569841036202,-0.152627980353908,0.0685548954832196,-1.00936687041656,-0.955727236947347,-1.04195556647295,-0.897634507675001,1.00078226957068,-0.50050773282392,0.33526085634096,-0.874561107277304,2.12162267380914,1.04777030951981
"145",-1.46756977738751,-0.983475975272454,0,0.0162070861705864,-0.217645255308552,-0.332093200748089,-0.236722709138167,0.189443228201215,0.211192949826324,0.247583345386677,0.253876880229516,-0.452764927125586,0.225481631050318,-0.251409788130745,0.276749956946368,-0.684108722204557,0.255920477860837,-0.179160946179058,-0.50151731107933
"146",0.272950842666734,0.408066261823299,0,-0.0114017386429401,-0.217645255308552,-0.235188139874503,-0.274353924669051,-0.222160898030863,0.0196088760200727,-0.820022460228181,-0.709352199022656,-0.785142529475398,-0.633782009097627,0.686979413329441,-0.460644889744242,0.483861351033178,-0.767565578972418,0.525345499483949,0.904372253828873
"147",1.41948426698818,1.10606051631394,0,-0.365412620918304,-0.217645255308552,-0.222379438181817,-0.338578478143907,-0.284119216915609,-0.0969803015006801,0.214617464662821,0.243235579122169,0.276481407169295,0.293153202512192,-0.314616269367389,0.706766672398916,-0.168421237252508,0.322769876764165,-0.270125970444407,-0.432484973517782
"148",-0.0252061628349329,0.234205703654879,0,2.70405339479545,-0.00976803764449048,-0.246163540383864,0.0159625066332542,0.100626726571181,0.0431548817583664,-0.383284815125833,-0.440497279003804,-0.394097252663036,-0.278757554799808,0.115671451744236,-1.16678647570037,0.251686444548854,-0.396448064995951,-0.412766271546588,0.277994823671121
"149",-0.279595385921914,-0.46064517083427,0,0.107871758265431,1.05807662419928,2.13838743485231,1.35909837446469,1.122555955935,-0.253880581002939,0.847786785717613,0.706618454737292,0.896006437142607,0.761216786518078,-0.906261704368262,1.02163451703375,-0.703659841808148,0.875942917333426,-0.570969755360197,-2.4795561953489
"150",1.32278867698517,-1.19303872038954,0,-0.365412620918304,-0.217645255308552,-0.310611095004119,-0.821646979014192,-0.69939708902051,-0.356010131106134,1.90243541400582,1.97651611059601,2.10703858032441,1.97879796256294,-1.91743777636954,1.36165606155747,-0.469504584310193,2.20283429576374,-1.57006427237602,-0.618002164506403
"151",-1.70240192453768,-0.772902530383903,0,-0.365412620918304,-0.217645255308552,0.419792062138209,0.843524857911316,0.701025133509741,0.158551773275664,0.0245782238305468,0.0170606764517987,-0.323782623287336,-0.407914433429481,-0.551274540182463,0.205633817255659,0.210075121307395,0.024841101964802,0.0434336382100706,-1.14719341187774
"152",-1.53663805596109,-0.934839990742655,0,-0.365412620918304,0.0842470029473437,0.0876630824388386,-0.00313878717176822,-0.405795187579489,-0.161111556573575,1.53398617877306,2.11296920640704,1.5783185952051,1.62899803753418,-1.51127120406211,1.52899583751437,-1.01370393310524,1.5866264584434,-1.06671980583714,-0.448227543098298
"153",0.325195234800001,-1.59899835263899,0,-0.0694953041831783,-0.217645255308552,-0.0994233836880316,-0.107343223455309,-0.274498480736663,-0.273398077432182,2.3174582749761,2.49534122458859,2.15664690114065,2.05683032059315,-1.47639297114669,2.00248781040123,-0.532097467922284,2.11922589654692,-1.64783129068641,-1.18678384356054
"154",-1.98476145954447,0.120428381120175,0,0.214865564514706,1.7293621249945,0.720546221428468,2.32963860898662,2.03769126491137,3.38590387982635,-0.040273822333775,-0.0647837527167936,0.078047030034827,-0.0581143630991625,-0.207044266478438,0.262181557803685,-0.36220247512474,-0.0432590594861345,0.205728397697455,-3.08384073506491
"155",0.194734626085902,1.51100944879192,0,-0.365412620918304,-0.217645255308552,-0.240334687140436,-0.0103127858360102,-0.25386873183706,-0.111582471988848,-0.644545993546483,-0.664087639817196,-0.752896931191968,-0.857245040147362,0.92343648618382,-1.28068028451607,1.84643146552483,-0.581597179561608,0.112524856356887,1.07529383927562
"156",0.281857025725935,-1.03206984716981,0,-0.0578048091645454,-0.110854626653174,-0.0983068556051735,-0.308745080064911,-0.240953498293421,-0.245988351418243,1.63103024399993,1.83429156869563,1.78706300236899,1.57518270170964,-1.59813014595761,1.65208512719992,-1.04941555641095,1.6871862604008,-0.813881859817364,-0.908765616888731
"157",1.62668910270892,-0.407569863173171,0,-0.0720002347436441,-0.445706315526058,-0.0957860547206831,-0.170674949860761,-0.543314965748025,-0.0893668275513359,0.380505063287037,0.398776595712153,0.47987668335699,0.181364002404669,-0.594956644610075,1.1224790030794,-1.16696797210947,0.53166595898485,-0.544075074202036,0.377079744170706
"158",-0.638750434504536,-0.495227904785659,0,-0.365412620918304,0.635383092321356,0.548687287383877,0.789046100553179,0.648505140357498,-0.0663427307915724,0.866035098237303,0.589962619384907,0.904847114411741,0.369717919959814,-0.970804789923963,1.29901432653403,-1.15802598213702,0.895209723299466,-0.535881300774888,-1.73150919997321
"159",0.35702155608134,-0.0601924092226533,0,-0.0258050239475691,-0.217645255308552,-0.375058030930201,-0.446285464653931,-0.380474267347214,-0.362630470589154,-0.85646018473658,-0.779567497600749,-0.87195757086697,-0.854582195424903,0.761044864203785,-0.842189128519705,0.547931819913135,-0.783430565474439,0.554635304563173,1.18857476675206
"160",0.410611958330996,-0.724308658486545,0,-0.365412620918304,-0.219470936165733,-0.201878360571328,-0.422580436699572,-0.342493399751179,-0.329008204392748,1.33747502746259,1.19916540584635,1.5787068717758,1.0101209490442,-1.63828681267147,3.00742158690012,-1.82866388287821,1.73454017636344,-1.36128047684659,-0.544068755652689
"161",0.405904469135496,-1.04634712217458,0,-0.365412620918304,-0.217645255308552,-0.332092698059073,-0.285617907522917,-0.367813522368644,-0.256315981962196,1.6890545541456,1.75172190567402,1.77714138285347,1.52943947252338,-1.65063946227009,1.62994129441478,-1.07263558397024,1.74730049528883,-1.37062253958121,-0.762018069699978
"162",-1.37087418738449,0.465681922807222,0,-0.365412620918304,0.336593788044817,0.31821280893173,-0.478602974488609,0.428795360134518,-0.400735958452731,-0.729914272627794,-0.855273605162032,-0.742176309203662,-0.851891423790291,0.702665061108358,-0.661773078618931,0.428941770218596,-0.75531077049076,0.616790797923922,-0.372150637294635
"163",0.79786975982595,-0.36795359790592,0,-0.0504993362713355,-0.217645255308552,-0.322104301456501,-0.479863971177128,-0.0892817134280174,-0.125078414715525,0.175303027957238,0.227033250150076,0.320252835900213,0.305709333804026,-0.299099078052832,0.2561453923773,-0.160549113651326,0.271819559682941,-0.551765134101942,0.392266995854648
"164",-0.0309495830570222,-0.319964652027161,0,-0.365412620918304,-0.0198389227605128,-0.0165251533583111,-0.176673710099634,-0.0595262832458283,-0.262586546345025,0.531050369459405,0.539331151367632,0.534542394567194,0.353573270778601,-0.250073086996963,0.510481990945597,-0.337182092028056,0.538542567900989,-0.759843031869028,-0.410639124126189
"165",0.0243050398018426,0.960278900621863,0,-0.0130171427106296,-0.217645255308552,0.0116257113875112,0.00114218873630332,-0.0020459591902605,-0.0691781691430656,0.52817373493213,0.56079866054681,0.688703509597398,0.621329506866065,-0.659538990283503,1.23637269401502,-1.3100372364193,0.679421706563295,-0.530439813989134,-0.528643884116585
"166",0.894565349828964,1.75397880827871,0,-0.365412620918304,-0.217645255308552,0.226450132976774,-0.944687272487352,-0.776066602422365,-0.0675971177175932,-1.078485635741,-0.592797975619164,-1.12615781013314,-0.983338990943108,0.416872808115011,-1.19786281747134,0.812487872095428,-1.1148433034182,0.784845392690573,2.86840783901576
"167",1.37804329984403,0.765903413032431,0,-0.0360157175156221,-0.217645255308552,-0.472701578556544,-0.337448435310616,0.0626450613603357,0.00598112144156781,-0.909373270175905,-0.612240595401923,-0.945979105969251,-0.450966798956815,0.427629989040961,-1.30915374312653,1.77489675289338,-0.94017165347552,0.677147454877155,1.49987680604595
"168",-1.73002923596712,-0.804856872778336,0,-0.0307604528148685,0.0393865583134549,-0.224680699940564,-0.297194346463029,-0.367813522368644,-0.355904946137937,1.31769900235299,1.36383056133882,1.35500731441908,2.33128887233527,-0.260830267922913,0.342306502639459,-0.866098589404318,2.36332759395297,-1.4357729808377,-0.527483390323205
