"V1","V2","V3","V4","V5","V6","V7","V8","V9","V10","V11","V12","V13","V14","V15","V16","V17","V18","V19","V20","V21","V22","V23","V24","V25","V26","V27","V28","V29","V30","V31","V32","V33"
NA,0.6928594355316,NA,NA,-0.21318887268072,0.518797425237438,-0.756465950903364,NA,-0.92613250341378,0.349001839306319,NA,NA,-0.864528120551241,NA,NA,NA,NA,0.0974597756959969,-1.03902435046574,0.359047600497542,NA,0.375866926635177,-0.439603873753164,NA,-0.768691216321549,NA,NA,NA,NA,-0.510757301440615,NA,-0.208073093875387,NA
NA,0.0778771019610386,NA,NA,NA,0.462930551725345,NA,0.40017647925851,-0.539750458272288,0.239724921092537,-0.296887005825136,NA,NA,NA,-0.227759639950631,NA,0.275527184252007,NA,-0.169933660577594,0.606890664494255,NA,0.704033489858471,NA,0.688146569690694,-0.0358080302020217,0.315384104486739,NA,0.512436483031811,0.0750541299920541,NA,NA,0.861315462403884,-0.0673245324225894
NA,-0.406236960705807,NA,NA,-0.221235544002563,0.901231920422785,-1.98761338056366,NA,NA,NA,NA,-0.543500321481961,-0.233501299848589,-0.469659883276521,NA,0.43925077785563,-0.501404259242493,NA,NA,-0.662602080041581,NA,-0.463668586015737,0.20708047179998,NA,NA,NA,0.470873645480844,NA,NA,NA,NA,NA,-0.0833899904236357
NA,NA,2.13725035660032,NA,NA,NA,NA,-2.68853732785383,-2.48556049170137,0.873620398260041,NA,0.971623720991641,NA,-0.469659883276521,-0.180438968999916,NA,NA,1.01870147751878,NA,NA,NA,1.11511792039865,NA,-2.6156703673096,-1.71541772035168,0.795513569705228,1.83831916750429,NA,1.9909010419639,-2.68022198215175,1.96153017692368,-0.565861593982824,NA
0.371575524483186,NA,NA,NA,NA,0.526095350155684,NA,0.770532681969935,-0.396207429264401,0.220675175415367,-0.143722319515044,NA,-0.0715035175273338,NA,NA,NA,NA,NA,-0.0510776630594764,NA,NA,0.0828283631796027,NA,NA,0.318388510703564,NA,NA,NA,-0.383991697385337,0.30270988868536,NA,NA,-0.0204261623109256
0.371575524483186,NA,0.685502199906804,0.199635846713077,1.19899104095407,-0.360592848465738,1.1804145796185,NA,NA,NA,1.42425982066997,NA,1.20443564807694,-1.64324679773855,NA,NA,NA,-1.79238028304016,NA,NA,-0.89282302744734,-1.09148882815648,NA,NA,-1.23141175741748,NA,NA,NA,NA,0.257728812707725,-0.708699267014615,0.657731018082958,NA
0.371575524483186,-0.79605613255063,-0.317685184310322,NA,-0.0654703048374538,NA,0.110167248434278,-0.385367833770676,NA,NA,NA,NA,-0.3318984222228,0.00144304226012547,-0.279971228305263,NA,-0.14890968596458,NA,0.063998396591559,NA,0.0464918012613367,-0.125350425556198,-0.0284930153580068,NA,NA,NA,NA,NA,NA,-0.485621921202904,-0.0306037102755291,-0.279404653941486,-0.123330208526899
0.371575524483186,0.591458318009766,-0.0842148162254715,0.703048752647999,-0.226905285313347,NA,NA,0.95384123697111,NA,0.767363561678005,NA,NA,-0.135992685719252,1.03145558684017,-0.14160424875856,NA,NA,NA,NA,0.973784762675774,0.140006411772096,1.05761851583504,0.347534114122315,NA,0.423035240744924,0.708051830176839,NA,NA,0.0467092556907599,NA,NA,1.3836207800565,NA
0.371575524483186,0.440616812595115,0.70159587543339,0.262784569254917,1.23255154817444,NA,1.23794812704204,NA,1.30311539802789,NA,NA,-1.32777397958757,1.16284106442736,NA,NA,NA,0.300662655724705,NA,-0.275532217478969,NA,NA,NA,-0.934258727342023,NA,NA,NA,-0.846204299814734,NA,-0.696334178102365,0.0619542130502712,NA,0.232568407128721,-0.0446626612025703
NA,0.6928594355316,NA,0.750310127615175,NA,0.620387637361993,-0.928502711545347,NA,NA,0.873620398260041,0.38898671782386,NA,-0.0729086003331814,1.05238368591657,NA,0.970415808443151,-1.96540628923558,NA,NA,NA,NA,1.11511792039865,1.44082859030593,NA,-0.0737498880884732,0.795513569705228,0.714980202514875,1.09360821166862,-1.27275836461956,1.07132730705882,1.73559594575888,NA,NA
0.371575524483186,NA,-0.273931904884283,NA,NA,NA,-0.246875550308718,NA,-0.600607974191293,0.388119938074916,NA,NA,NA,NA,-0.335088105203247,NA,NA,0.683243027929338,0.0934265957908945,0.7895594381612,NA,0.781109847101621,NA,0.50134134932825,NA,0.367434595259257,NA,NA,-0.118890673837133,NA,NA,0.963292885389881,-0.057557585108046
NA,NA,0.857466933388657,NA,1.05194848072863,-0.151353404324292,1.15100462842404,-0.521909826231466,1.23869121590466,-1.14593856840815,NA,NA,1.38848083266054,NA,0.907894660153684,NA,NA,-1.82910490478198,NA,-1.70098886646919,NA,-1.21220284443693,-0.760640770489928,NA,NA,-1.13599906103166,NA,-0.399398297907564,-0.869284956774784,NA,-0.755596434596524,NA,-0.600740295561967
NA,0.444406800168348,NA,NA,-0.275621447191389,0.901231920422785,NA,0.804593770279976,-0.442940947014661,0.579761094399462,NA,NA,NA,1.05238368591657,NA,0.759382332199727,NA,0.832989104614492,NA,1.0111085088071,NA,NA,-0.162297964552657,0.679891762248566,0.333126093667801,NA,NA,0.782476225650033,-0.256831808317221,1.07132730705882,-0.295644946713671,1.3836207800565,NA
NA,-3.09712813770084,NA,NA,-2.4019052789194,-1.03455718256034,-0.225483291021679,-0.82829219896024,NA,NA,NA,0.971623720991641,NA,-0.469659883276521,NA,NA,-1.96540628923558,NA,-0.0238067942525735,NA,0.0464918012613367,NA,NA,NA,NA,0.795513569705228,-1.66795140178659,NA,1.9909010419639,-2.68022198215175,NA,NA,-0.0833899904236357
NA,-3.09712813770084,-1.44184411005529,-0.991723597676964,-0.221235544002563,-2.97034628554347,0.911372557547225,-2.44850989887269,NA,NA,NA,-0.543500321481961,-0.233501299848589,NA,NA,-0.639175193337214,NA,NA,-0.0238067942525735,NA,-1.8313116226495,-0.463668586015737,0.20708047179998,-0.295765727745815,NA,0.795513569705228,0.990029597322898,NA,NA,-0.804447337546464,NA,-0.565861593982824,NA
0.371575524483186,NA,NA,0.27210444968523,-0.221235544002563,NA,NA,NA,-0.687247391529434,0.312975303391522,-0.556940318008029,NA,-0.517100733822979,0.515193628605563,-0.385355867410169,NA,-0.146022921398397,NA,-0.421511574033568,NA,-0.321707894099099,NA,-0.258506137132425,-0.0231248040241001,-0.241461604022433,NA,-0.347279529157489,0.338669496352853,NA,NA,-0.412009275934394,0.351545316416341,NA
0.371575524483186,0.553710041780371,-0.0106501322724684,0.563320227542316,NA,NA,NA,NA,0.296969052289944,0.527276007106923,0.490834378507414,NA,NA,NA,0.830350627809535,NA,1.16368154253218,NA,0.93832568332971,NA,1.06448659343188,0.208041921003328,1.30894305549636,NA,1.35621108124418,NA,1.03562864607653,NA,NA,NA,0.968216147824098,NA,0.907582783836934
-2.6706990822229,-1.20213435108462,NA,-0.991723597676964,NA,-1.03455718256034,NA,NA,NA,NA,NA,-0.543500321481961,NA,-0.469659883276521,-0.180438968999916,-0.639175193337214,NA,NA,-0.0238067942525735,NA,NA,NA,0.20708047179998,NA,NA,NA,-1.66795140178659,NA,0.0306746034234994,NA,NA,-0.565861593982824,NA
NA,NA,0.268030463579966,0.389691726142449,0.593876996212,NA,NA,NA,1.04028267020087,NA,NA,-0.173628240233306,1.5743650226812,-0.37167071829187,NA,-0.842160714571736,NA,-0.973667287091617,1.44422887971578,-1.44313701315116,1.28441493044031,-1.3657082564556,1.27176182220195,-2.04674975310007,NA,-2.36399350776302,0.538106383646997,NA,0.250572805298962,-2.14515726477809,-0.0987627494214261,-1.88564166638371,-0.50692227658632
NA,0.379787512044735,0.545657573708514,NA,0.818987532947465,NA,NA,NA,NA,-1.0580881465048,NA,-1.08224812850472,1.37161983899036,NA,1.04072278024723,-1.7715224630897,0.741780901184453,-1.70230978218158,NA,-1.85470244694905,-0.241131349179085,-1.38433793723129,NA,NA,-0.78475419265304,NA,NA,NA,NA,NA,NA,0.225452796463478,NA
NA,0.377665119003724,NA,NA,NA,NA,NA,-0.506600008820671,NA,NA,1.29109768423081,NA,1.14143421462062,-1.51105731375413,NA,-1.84194206941759,0.498488507495883,-1.6459615530362,NA,-1.70080475830442,-0.482954874110322,NA,-0.850833458811315,NA,NA,NA,NA,NA,-1.23226008639931,0.00401153427841389,-0.990648474779123,0.694712698718483,-0.723348466425582
NA,NA,NA,0.750310127615175,-0.66288658541527,0.65619973576718,NA,NA,-0.421663235487722,0.873620398260041,-0.0900057944584242,NA,NA,NA,NA,0.379551047599597,-0.6603618881047,0.822805876166907,NA,NA,0.165337979960653,NA,0.708027838527541,0.279319190722441,-0.488439756114376,NA,-0.0119398119105092,1.09360821166862,-0.0933881278717226,0.192808252257936,NA,NA,NA
NA,-2.44572402355151,NA,NA,NA,NA,NA,NA,-0.320084581991299,NA,NA,-0.590847947809261,-0.0397858394835677,-0.374532160201953,NA,NA,NA,0.148174729529942,NA,-0.662602080041581,-0.129552269730304,-0.463668586015737,NA,NA,NA,NA,0.0851838828588481,NA,NA,NA,0.00910854570348965,-0.565861593982824,0.11609831256949
NA,0.215131501925651,-0.0853803748987062,NA,NA,0.565140216362854,NA,0.781842972353608,-0.413205141346266,NA,NA,0.654856737431685,NA,NA,NA,0.402326760274789,NA,0.771611165369626,NA,NA,0.180228961112266,NA,0.357012459384699,0.357257437611105,0.429009401892843,NA,0.230623986073034,0.417108778686935,NA,NA,NA,NA,0.105799396446965
0.371575524483186,NA,0.199128014319901,NA,NA,NA,NA,0.825986589262253,NA,NA,-0.185058234066872,0.678719941100644,NA,NA,-0.202468998673968,0.741274433429698,NA,0.820143998821946,NA,0.705187687377338,NA,NA,NA,0.716037813017884,-0.0362036700131422,0.448884144578316,NA,NA,NA,NA,NA,1.10609246928826,-0.214275595939445
NA,NA,0.192000174741274,NA,-0.0891087647639522,0.23975342604242,NA,-0.383916842570139,-0.183308028296576,NA,NA,NA,NA,0.211408952630313,0.101875652259498,NA,0.156819301341159,0.216393074510116,0.266713698595001,NA,0.320951549700144,NA,0.496733953951901,NA,0.550213658029594,NA,0.336127667502996,-0.193954581861207,0.346996343810764,-0.45242070999339,NA,-0.241175304586575,NA
0.371575524483186,NA,0.0817876363509884,0.292834651016206,-0.541924835219433,NA,NA,NA,NA,0.684034327069523,-0.0549610044627766,0.686734947285329,-0.0945840689116248,NA,NA,NA,0.0532463126558733,NA,NA,0.803652081319306,NA,NA,NA,0.87525553837893,0.179657410934177,0.491760069863202,NA,NA,NA,0.821098969468476,-0.200073907865442,1.19931671641482,-0.175037576662717
0.371575524483186,0.0902135115119102,NA,0.44252760903056,NA,NA,0.353587899003607,-0.348441967962138,0.740825375693858,NA,-0.626082196543745,-0.527440006631741,NA,-0.453526221443075,NA,NA,NA,NA,0.646496041269633,-0.590214097073876,0.623822463942722,NA,NA,-0.88005243373073,NA,NA,0.339055403428354,NA,NA,-0.890451605001616,0.147027609732884,NA,NA
NA,0.6928594355316,0.0260649659344235,0.65493378115543,NA,0.900302741653353,0.00766414112562067,NA,-0.48641351280677,0.781516843644532,-0.177900063498141,NA,NA,NA,NA,NA,0.511417088803005,0.968265092244189,0.276099007738148,1.00600369151111,0.314229013442543,0.969616955967499,0.531797895089571,NA,NA,0.582659973211606,NA,0.8935372889459,0.471941177003329,NA,NA,NA,NA
NA,NA,-0.107682891819254,0.513759368057755,-0.510043443694949,0.804094023235092,NA,0.712158189825254,NA,0.738538758885064,-0.110653587873581,0.971623720991641,-0.527886810656103,1.04118144524731,-0.233570217037335,NA,NA,0.771286168717044,NA,1.0111085088071,-0.25998449555515,0.917643304176337,NA,0.703065972751683,0.229864102965363,0.503766064379082,0.0541709196734703,0.786063921517611,-0.00592282418404984,NA,-0.0291003456194896,0.969570218634288,-0.126777366402621
0.371575524483186,NA,NA,0.750310127615175,NA,NA,-0.225483291021679,NA,-2.48556049170137,-0.913410153069188,NA,NA,-0.233501299848589,NA,NA,-1.53589443633907,NA,NA,1.14054313985798,NA,0.0464918012613367,NA,NA,-2.44239088121921,NA,0.795513569705228,NA,NA,NA,-0.804447337546464,NA,-0.565861593982824,NA
0.371575524483186,-1.09866769033537,NA,NA,NA,NA,-0.144460549504539,NA,-0.429897139182055,NA,-0.452975451944991,NA,-0.144443845536776,-0.596491773897382,NA,-0.791812708036046,0.262474884463477,NA,0.0715582723257242,-0.628943760099834,NA,NA,NA,-0.772436188657272,0.245729259391293,-1.02722806018029,0.115407935166135,-0.611229862693757,NA,NA,0.0315418702462097,NA,NA
-2.6706990822229,-3.09712813770084,NA,-2.7337573229691,-2.4019052789194,NA,NA,NA,1.59062945598817,NA,-2.33609857190099,-2.05862436395556,-2.29979954374214,-1.99170345246962,1.90969667369953,NA,0.0965684008955279,NA,NA,NA,NA,NA,NA,NA,-1.71541772035168,0.795513569705228,NA,NA,NA,1.07132730705882,NA,-0.565861593982824,-0.0833899904236357
0.371575524483186,0.6928594355316,-0.741410591210862,NA,-0.773948095014584,NA,NA,NA,NA,0.743810499011486,NA,NA,NA,NA,NA,0.483482338584555,-1.09976869457164,NA,NA,NA,-1.28627917885938,NA,-1.52092674475151,NA,-1.18789137819423,-0.390303616046922,NA,-0.19530215543098,-1.50298695982613,NA,-1.41899025645252,NA,-1.5729026527723
0.371575524483186,NA,1.06989000158567,NA,0.0260960173317041,-1.35644019460438,NA,NA,-0.423212187667844,NA,NA,-1.56211821523696,0.401451487517462,NA,NA,NA,NA,NA,NA,NA,0.890770998685886,-1.21597614418726,-0.73469899462566,NA,NA,-0.0875429549550611,NA,0.343569763879302,0.800769162068482,NA,NA,-0.0698937832034798,-1.27153168367453
0.371575524483186,0.58067580336392,NA,NA,-0.198600192154126,NA,-0.19824075983736,NA,NA,NA,NA,NA,-0.170954452005931,0.78876573973233,-0.107158813366873,NA,NA,0.709474900602068,0.020538330480761,NA,0.138522947067207,0.803449676167385,0.312984655190955,NA,NA,0.410475993669171,NA,NA,0.212015151252872,NA,NA,0.940483941613621,NA
NA,NA,NA,NA,-0.221235544002563,NA,NA,-0.82829219896024,NA,NA,-0.319712496202048,-2.05862436395556,NA,-0.469659883276521,-0.180438968999916,0.970415808443151,1.64304941849386,NA,-0.0238067942525735,NA,0.0464918012613367,NA,2.18585818837274,-0.828915509706118,NA,NA,-1.66795140178659,NA,NA,NA,NA,-0.565861593982824,NA
NA,NA,NA,0.750310127615175,NA,0.901231920422785,-1.98761338056366,NA,1.59062945598817,0.873620398260041,-2.33609857190099,NA,NA,1.05238368591657,NA,0.970415808443151,-1.96540628923558,NA,NA,NA,NA,1.11511792039865,NA,0.957839347897363,NA,0.795513569705228,NA,NA,1.9909010419639,1.07132730705882,NA,NA,2.04448524150303
NA,0.6928594355316,-0.299529366515706,NA,NA,NA,NA,0.935536424902796,0.796852606524851,0.792721525201367,NA,0.79717233874123,NA,0.868779570164811,NA,0.665414409515789,NA,-0.339397629499182,NA,NA,0.254045413706201,NA,-1.34719006123643,NA,-1.3765126581459,-0.158052892119529,NA,0.0549265056160277,-1.72713885307322,NA,NA,-0.82594203750341,-2.21126522235031
0.371575524483186,NA,2.13725035660032,0.750310127615175,NA,-1.03455718256034,NA,-0.82829219896024,-0.447465517856597,0.873620398260041,1.6966735794969,NA,NA,NA,1.90969667369953,NA,NA,-0.52890163001693,-0.0238067942525735,NA,NA,NA,-0.342584402309601,-0.828915509706118,NA,0.795513569705228,NA,NA,1.9909010419639,NA,NA,-0.565861593982824,NA
NA,NA,NA,NA,NA,0.901212562531755,-0.493274200729374,1.03195292993335,-0.840349085964653,NA,-1.02849236567098,0.907003680580142,NA,NA,NA,0.881662960604982,NA,NA,NA,NA,NA,NA,-0.806449474628588,0.673387974566889,NA,0.35837034518831,NA,NA,NA,0.484472451747612,NA,0.695979862261609,-1.51387539383866
NA,0.504705502458476,-0.0644675625500919,NA,-0.259898818402639,NA,-0.212989788686826,NA,NA,NA,-0.248211445957763,NA,NA,NA,NA,0.970415808443151,NA,0.859545973939805,-0.0826447539299416,0.779634334369327,NA,1.11511792039865,0.389523777267989,NA,0.353976311713849,NA,NA,1.00052062962154,NA,1.07132730705882,NA,1.25918532012157,-0.0381088054882362
0.371575524483186,0.591534117761231,NA,NA,1.24522123933431,NA,1.22748107431016,-0.804722893177158,1.36866053238674,NA,NA,-1.26536602027808,0.925258092344478,NA,NA,NA,0.245195536560178,-1.54143643915324,NA,NA,NA,NA,-0.883008384482788,-0.902511942290805,NA,-0.747339462147781,NA,-0.0132922187343175,NA,0.0595157060122843,NA,0.416209646763226,NA
NA,NA,NA,-2.31897909297704,NA,-0.389300600862978,-0.477221195613646,0.0132454924486427,-0.738627765820061,NA,-0.0614537676265272,-0.0384640244042355,NA,NA,-0.329737357957937,-1.25426429875756,1.15153651160731,NA,NA,NA,0.135912800307971,NA,NA,NA,0.0603324439002484,NA,NA,NA,0.0306746034234994,-2.05497001986547,NA,NA,NA
NA,NA,NA,NA,NA,NA,NA,NA,1.59062945598817,NA,1.6966735794969,NA,1.83279694404497,NA,1.33545280722428,NA,-1.09481995531532,NA,NA,-2.33631266889026,NA,NA,-1.77169724477278,NA,NA,NA,-1.66795140178659,NA,-1.9295518351169,NA,NA,1.3836207800565,0.658068134141212
NA,NA,NA,NA,-2.4019052789194,NA,NA,1.03195292993335,NA,0.873620398260041,NA,0.971623720991641,NA,NA,NA,0.970415808443151,-1.96540628923558,1.01870147751878,NA,NA,NA,1.11511792039865,NA,NA,-1.71541772035168,NA,1.83831916750429,NA,1.9909010419639,1.07132730705882,1.96153017692368,NA,2.04448524150303
-2.6706990822229,NA,NA,NA,NA,NA,-0.225483291021679,NA,NA,NA,-0.319712496202048,NA,NA,-1.99170345246962,-2.27057461169936,NA,NA,NA,NA,NA,1.92429522517217,NA,NA,NA,NA,NA,NA,NA,NA,NA,1.96153017692368,-2.51534396802215,2.04448524150303
NA,NA,NA,-2.7337573229691,0.348595264428555,-1.739048910809,NA,NA,NA,0.873620398260041,NA,-0.983189318607801,-0.244865940190003,NA,NA,0.840376951409315,-0.857507288228135,NA,NA,NA,NA,-1.62982345111366,NA,NA,NA,NA,-0.933913658105545,1.09360821166862,NA,NA,NA,NA,0.80846635553379
0.371575524483186,NA,NA,NA,NA,-1.79853570994367,NA,NA,0.158460117867454,NA,-0.526210594214377,NA,NA,NA,-0.251566284920978,NA,NA,-0.523608827389158,-0.0220182382861978,NA,NA,NA,0.207456439566129,NA,0.262820899231696,-1.04309509428015,NA,-0.6564873334916,NA,NA,0.00910854570348965,-0.565861593982824,NA
NA,NA,NA,-0.199882167845422,0.505647098737265,NA,NA,NA,1.04160743193387,-1.72570489017589,0.657932292600585,-1.41584814017656,NA,NA,-0.433784310251515,-1.17570016196066,NA,-0.669594228523001,-1.58829541935609,0.148896498961702,NA,NA,-0.632396186678848,0.957839347897363,NA,NA,0.301362994808477,NA,1.15929457767752,-0.349722048201251,0.719087147680401,-0.388634151358909,NA
0.371575524483186,0.602221882717746,NA,0.639063853918019,NA,NA,NA,NA,-1.46573852868892,0.695328360153924,NA,NA,0.475817561315191,0.630077477208257,NA,0.425488774790408,0.938761343332677,NA,NA,NA,0.874377774795144,0.274777226629464,NA,-0.10635184529127,1.13712553583623,NA,0.842906484235453,0.924373972451623,NA,NA,0.782657995992931,-0.202634038051817,0.707988087082212
NA,NA,NA,NA,NA,0.579852213545526,NA,NA,-0.370833146840033,NA,-0.677721843942395,0.36186205009814,NA,0.451724411770211,-0.979351515708923,0.71861139212463,-0.698157884174803,0.371989090941756,-0.617386110433656,NA,NA,0.119629876644122,NA,NA,NA,NA,NA,NA,NA,NA,NA,NA,-1.04731747048642
NA,NA,-0.187815050604137,NA,NA,NA,-0.420004831606218,1.02893933282454,-0.649868729709121,0.854695744721464,-0.5982560686991,NA,-0.681784703861295,0.980664992936195,-0.705042113961048,NA,NA,0.872932740819989,-0.616648561581542,NA,NA,0.92367426863084,-0.537790824049504,NA,-0.58764643875283,0.486115597709489,NA,NA,-0.804244643544014,NA,-0.927604780307023,NA,-1.1505619767395
NA,0.6928594355316,0.114804327229347,NA,0.044740743565243,0.901231920422785,NA,NA,-0.259206685122555,NA,0.0676554328004762,NA,0.268361217628278,NA,NA,NA,0.647548657845461,NA,NA,0.733155391316999,NA,0.717721568869083,NA,0.532466618947702,0.948385563941218,NA,0.834579091633387,0.441942634472758,0.932986435348032,0.260823840871324,0.927391011515284,NA,0.999762338883997
NA,-1.20213435108462,-0.10420863038942,-0.991723597676964,NA,-1.03455718256034,NA,-0.82829219896024,NA,NA,-0.319712496202048,NA,-0.233501299848589,-0.469659883276521,NA,-0.639175193337214,0.0965684008955279,-0.52890163001693,NA,NA,0.0464918012613367,NA,NA,NA,NA,0.795513569705228,NA,-0.6564873334916,0.0306746034234994,NA,NA,-0.565861593982824,-0.0833899904236357
NA,NA,NA,-0.984267693332714,NA,-0.995899474173771,NA,NA,NA,-1.00008113480866,NA,NA,NA,NA,-0.249016319436884,NA,NA,-0.555396595217941,NA,-0.626784673440219,0.054528799915675,NA,NA,-0.737147780219603,0.29945714574145,NA,NA,-0.621537925454751,0.0446510179302925,-0.852617230419928,-0.0270893513393328,-0.593680707460365,NA
-2.6706990822229,NA,NA,0.750310127615175,NA,NA,-0.225483291021679,NA,NA,0.873620398260041,NA,NA,NA,NA,-2.27057461169936,NA,NA,NA,NA,-0.662602080041581,NA,-0.463668586015737,NA,NA,-1.71541772035168,0.795513569705228,NA,NA,1.9909010419639,NA,-1.9433130855167,NA,-0.0833899904236357
0.371575524483186,0.497788775137327,NA,0.596593071695396,NA,0.403056594770077,0.966544850650785,0.0197563503997703,1.14104608570776,-0.571765652266066,1.47428635920806,-0.576923957858929,NA,NA,1.54085043683236,NA,1.49143241952852,NA,0.857453451695446,NA,0.764469940393643,-1.82188282961897,0.381687817510361,NA,0.0155064533003011,-2.29193915476497,-0.337865192678943,-1.6216125237811,NA,-1.63200159525342,NA,NA,NA
NA,NA,-2.34566761737916,NA,NA,-2.97034628554347,1.5366467985203,NA,1.59062945598817,0.873620398260041,1.6966735794969,NA,-2.29979954374214,-1.99170345246962,-2.27057461169936,0.970415808443151,2.15854309102664,NA,NA,NA,-1.8313116226495,NA,-1.77169724477278,0.957839347897363,NA,NA,-1.66795140178659,NA,-1.9295518351169,NA,NA,NA,NA
NA,NA,NA,0.180856723154427,NA,-0.339299168332924,NA,-0.906292277214749,1.4549942354788,-1.60811827989843,NA,-1.56278486981565,NA,-1.72808550628537,NA,-2.025837841371,-0.0140565412300061,-1.6673803800445,NA,NA,-1.1260649907313,NA,NA,NA,NA,-0.426579002233491,-1.00694927406387,NA,NA,0.343845626641553,NA,0.605250952573819,NA
0.371575524483186,0.6928594355316,0.0753994782380676,0.694129539974503,NA,0.837021795876835,NA,0.808351465440342,NA,NA,NA,NA,-0.2631733426309,0.990695260057178,-0.215365135589423,0.946223655686392,NA,NA,-0.186952600340117,0.927690773058882,0.00210052832008461,1.03043181219458,0.15581034116358,0.925034528711763,NA,0.681006167186244,0.0319937583227055,NA,NA,0.935783831239643,NA,NA,-0.161546847692302
NA,NA,-0.412812703718167,NA,NA,0.285554196219001,-0.288461820421909,0.208180579505402,NA,NA,-0.530767626745456,NA,-0.368368586227521,0.433840399832192,NA,0.0412150190253639,-0.447978495021196,0.372004566972831,0.0682393024912126,NA,-0.118210337049882,0.266378082415339,0.0292081428572549,-0.0247328833959432,NA,-0.323342158119154,NA,NA,-0.171346333332474,-0.199847654097288,NA,-0.00162291046462267,NA
NA,0.297885880587182,0.27349962350822,-0.991723597676964,NA,NA,-0.104354468666563,-0.0940906514885176,1.59062945598817,NA,1.68774098918155,NA,0.866079310639367,NA,0.0883524746512326,NA,2.05795996564204,NA,1.54204629622736,NA,NA,NA,0.676545485056868,-2.46511840300793,NA,NA,1.63229070885275,NA,1.39109135403492,-2.68022198215175,NA,NA,NA
NA,NA,NA,NA,NA,0.466085887963207,NA,NA,-0.263282875070245,0.628046659896378,NA,NA,-0.36004140430463,0.722739489700733,NA,0.70835829744329,NA,0.764430286950661,-0.285452249539898,0.812355376381319,NA,NA,NA,NA,NA,NA,0.0207035670895889,NA,-0.0952307407239505,0.5824254036889,-0.0288074823748065,0.975964520821137,NA
NA,0.00137620279534175,NA,NA,-0.156513266270232,NA,0.409376937638506,0.387526812382033,-0.45688151663576,0.233917071800717,-0.152070157868438,NA,-1.13064667138229,0.634080451795235,0.968404087009833,NA,0.382296233706995,0.453981103578998,NA,NA,-0.430545380548971,NA,0.511000941288391,0.326489518963173,NA,0.221413755373938,NA,0.422674082520544,0.180063460304663,NA,0.396488521553889,0.78031446976255,0.697987073492157
-2.6706990822229,NA,NA,0.750310127615175,NA,-1.03455718256034,NA,NA,NA,-0.913410153069188,NA,NA,NA,-0.469659883276521,-0.180438968999916,-0.639175193337214,0.0965684008955279,-0.52890163001693,NA,-0.662602080041581,0.0464918012613367,-0.463668586015737,NA,-0.828915509706118,0.262781335250584,0.795513569705228,-1.66795140178659,-0.6564873334916,0.0306746034234994,NA,1.96153017692368,NA,-0.0833899904236357
-2.6706990822229,NA,NA,0.750310127615175,-2.4019052789194,-1.03455718256034,-0.225483291021679,NA,NA,0.873620398260041,1.6966735794969,NA,1.83279694404497,NA,-2.27057461169936,NA,-1.96540628923558,-2.07650473755264,1.8200653360316,NA,0.0464918012613367,NA,-1.77169724477278,NA,-1.71541772035168,NA,NA,NA,NA,-0.804447337546464,NA,NA,-0.0833899904236357
NA,NA,0.106869562415404,NA,0.229203596441858,0.352009836124412,0.269111382510964,NA,0.393289420753848,0.2645467754505,0.690940532659777,NA,NA,NA,1.04114080737577,-0.102312210603391,NA,-0.0710122985903401,1.14793706710042,-0.501942600617996,1.32535104508157,-0.431050856793216,NA,-0.98522082464927,NA,NA,1.14926687522724,-0.975459747552501,1.12869544297191,-1.28306999586395,NA,-1.09883058022144,0.820254784318663
NA,0.580145205103668,-0.138525367480233,0.648749561430643,-0.199407039956046,0.80432631792745,-0.251421845939737,0.955273625720357,-0.469069324579351,NA,NA,0.928791164310912,NA,1.00755950280384,NA,NA,0.0127697494885997,0.944880809289324,-0.110671610310261,0.914518670724642,NA,1.00168210991277,NA,NA,0.174237145521827,NA,NA,0.924583983917042,-0.115930731914937,NA,-0.132324877262101,NA,-0.241278332632595
0.371575524483186,NA,NA,-0.9185930218892,NA,NA,0.635599198533905,-1.16910770902484,NA,NA,-0.196571798559113,NA,-0.0442283807079389,-0.719457673852492,NA,NA,-0.721932452352015,NA,-0.347535424166566,NA,NA,NA,NA,NA,0.751238246059896,-0.971132670795994,NA,NA,NA,NA,0.336998234450609,-1.1536890142269,NA
0.371575524483186,NA,NA,0.750310127615175,-0.342437167869241,NA,NA,NA,NA,0.873620398260041,NA,NA,-0.269268922450386,1.05238368591657,NA,NA,-0.0510071276771555,NA,NA,1.0111085088071,NA,1.11511792039865,0.153950290110002,0.957839347897363,-0.191769243745704,NA,NA,1.09360821166862,0.193353795557967,NA,-0.268018180631905,1.3836207800565,NA
NA,0.6928594355316,NA,0.750310127615175,NA,NA,1.5366467985203,-0.514822292290381,1.41086947929507,NA,1.30255075714078,NA,1.02266339156162,NA,0.610802779900385,NA,NA,-1.09650054573673,NA,-1.10575043265105,-0.122979957746616,NA,NA,NA,NA,-1.08148485928651,-0.0943722329945377,-0.638408846510095,NA,-0.762730109450443,-0.0717607582616508,-0.52201773539068,NA
NA,NA,NA,0.750310127615175,0.632060523270394,0.901231920422785,-1.98761338056366,0.416918685418552,NA,NA,0.225477970945433,NA,1.01863410998603,1.05238368591657,NA,NA,NA,NA,NA,NA,NA,0.943503827151405,NA,0.797621039816059,NA,0.795513569705228,0.364668709937024,NA,NA,1.07132730705882,0.447700540940794,NA,NA
NA,NA,-0.10420863038942,NA,-0.221235544002563,NA,NA,1.03195292993335,NA,NA,-0.543753153072958,NA,NA,0.714155163970484,-0.180438968999916,0.612732496027518,0.0965684008955279,1.01870147751878,NA,NA,-0.162150937169396,0.588861014215541,NA,NA,0.262781335250584,NA,NA,1.09360821166862,0.248475363009723,0.862909986296728,NA,1.3836207800565,-0.0833899904236357
0.371575524483186,-1.08077894898972,-0.446501832292623,NA,NA,NA,NA,NA,NA,NA,-0.319712496202048,-0.356912795651337,-0.437073002836982,-0.379691887901517,-0.180438968999916,NA,0.0356164290552523,-0.727118636030103,NA,NA,NA,NA,NA,NA,NA,-0.526818944194554,NA,-0.75993548116602,-0.152802591223882,-0.721294247551112,NA,NA,-0.313987829307529
NA,NA,NA,NA,NA,0.354778014541677,NA,0.0640301844674377,1.2702001642003,-0.352121727202191,1.54832805590772,-0.387609208751852,1.70768258537721,NA,1.58133636423144,-1.15456623210729,NA,-1.33589927044142,1.44253251735592,-1.80531124747213,0.976154720371112,NA,NA,NA,0.615870084685033,-2.5748798126591,0.061376305693363,NA,-0.348060746766892,NA,-0.648115623797852,-1.73443981345322,-1.14094398069119
NA,NA,-0.1348269601517,0.705086932106591,-0.0722739944103943,-0.0745993663910106,0.657995871971984,0.579597121940297,-0.453029517135193,0.251090435398991,-0.603438180913646,0.0650340989371363,NA,NA,NA,NA,0.752915564511161,0.686771563014519,0.185269866600349,NA,-0.797486947615387,1.11511792039865,0.220595523604172,0.254858516721849,NA,0.219225832943019,0.38475964029906,0.876036333494298,NA,NA,0.489209024820536,NA,NA
0.371575524483186,NA,NA,NA,NA,0.67352504823888,NA,NA,NA,0.810788404075305,-0.470860796436441,0.747703538754467,-0.172214893934706,NA,NA,0.87192493504421,-0.171014054642786,0.99236127262852,NA,NA,NA,NA,0.0906887665111706,0.8393417657411,-0.130326381078698,0.567142271264589,NA,0.993747759861774,-0.294350542350885,NA,NA,0.927168976998932,NA
0.371575524483186,0.588445277889046,NA,0.750310127615175,NA,0.879899524507911,NA,NA,NA,0.873620398260041,-0.523448145290669,0.971623720991641,-0.49164393945821,1.05238368591657,NA,0.970415808443151,-0.268009344066553,NA,NA,1.0111085088071,-0.393890657714232,NA,NA,0.957839347897363,-0.327750646827804,NA,-0.498680292339469,NA,-0.693256622593856,NA,-0.786308026855618,1.3836207800565,NA
NA,NA,-0.426620091078024,NA,-0.226207470998174,NA,-0.527212826253952,NA,-0.0752074708838494,NA,NA,NA,-0.408041512510277,NA,-0.18520447826527,NA,-0.082328523220247,NA,-0.415316163675813,1.0111085088071,0.239417325033936,NA,0.103174853902745,0.823225236925517,NA,NA,-0.0770161936765479,NA,-0.363154490343653,NA,NA,NA,NA
NA,-0.0852250132530194,-1.46986234739266,0.49649581384011,0.984631206011748,NA,NA,0.225034400373178,NA,NA,NA,NA,NA,NA,0.23482918049161,0.517380325082049,0.97734088978503,NA,NA,0.42919281127619,0.568802823622135,NA,0.351234428452306,0.0979099700299597,0.790030729540256,NA,0.57057444911863,0.152336823659645,0.590789705972034,0.0112145089136982,NA,0.229936605923768,0.553738411519848
0.371575524483186,-1.17054480466173,NA,NA,-0.221235544002563,-1.03455718256034,NA,-0.82829219896024,NA,NA,NA,NA,-0.233501299848589,NA,NA,NA,NA,1.01870147751878,-0.803617195592358,NA,0.0464918012613367,-0.332108306436226,-1.77169724477278,-1.01875821332649,-0.0669251013466454,0.795513569705228,-1.25889234582027,NA,0.400255696145907,-0.804447337546464,0.00910854570348965,NA,NA
NA,NA,NA,NA,-0.197597084076065,0.514074099826159,NA,0.641580489635031,NA,NA,-0.339573899047682,0.719355567919786,-0.166325943939609,0.825949264127717,NA,NA,0.0803200403372947,0.695453616447794,NA,NA,0.10939821596235,NA,0.3162496384233,NA,NA,NA,NA,NA,NA,0.751620276632296,0.0668221291223586,NA,-0.0666223335960536
0.371575524483186,NA,NA,0.750310127615175,-0.221235544002563,NA,0.655581753749312,0.566891647709953,-0.447465517856597,NA,NA,NA,NA,0.853330827937501,0.15874824309735,NA,NA,0.631800700634851,0.898129270889515,NA,NA,1.11511792039865,NA,0.0644619190956226,NA,NA,0.547801221771086,0.656084325378562,NA,0.501748336224426,NA,NA,0.56120725358391
0.371575524483186,0.100275928518842,NA,0.610477080485975,-1.88044172520874,NA,NA,NA,NA,0.637535792123937,1.1672915791829,0.518101641358018,0.14312288106589,NA,0.106160430327032,0.865438283307036,NA,NA,0.32153201702835,0.423351561321109,0.508093438927097,0.486776678710787,NA,NA,-0.802399728229012,NA,NA,NA,1.08617813151996,1.07132730705882,-0.118228393084691,NA,NA
NA,NA,-0.10420863038942,-0.991723597676964,NA,NA,NA,NA,-0.447465517856597,-0.913410153069188,NA,-2.05862436395556,NA,NA,0.97273066779022,-0.639175193337214,NA,-0.52890163001693,-0.0238067942525735,NA,NA,-0.463668586015737,0.20708047179998,NA,NA,0.795513569705228,1.83831916750429,NA,0.0306746034234994,-0.804447337546464,NA,NA,NA
-2.6706990822229,NA,NA,-0.991723597676964,-0.221235544002563,NA,NA,-0.82829219896024,-0.447465517856597,-0.913410153069188,NA,0.971623720991641,NA,NA,1.90969667369953,0.970415808443151,NA,-0.52890163001693,-0.0238067942525735,NA,1.92429522517217,1.11511792039865,NA,NA,NA,0.795513569705228,NA,1.09360821166862,NA,NA,NA,-0.565861593982824,-0.0833899904236357
NA,0.467544674302932,-0.10420863038942,0.660020519633283,NA,NA,NA,0.850467415158492,-0.410188760784976,NA,NA,NA,-0.214594670916962,NA,-0.174064055289682,0.970415808443151,NA,NA,-0.0463020342420404,NA,NA,0.980336916346052,0.315675792885494,0.952389745581672,0.359277885182863,NA,0.124208674295056,NA,0.0486106753361441,1.07132730705882,NA,NA,NA
0.371575524483186,0.6928594355316,-0.128438802038779,0.750310127615175,-0.280179046937365,0.901231920422785,NA,NA,NA,0.854302598000172,-0.385103896636965,NA,NA,NA,NA,0.892109206206536,NA,0.985242298333855,-0.0337821424774109,NA,0.168286131336193,NA,0.292642820264587,NA,NA,0.768964326089715,0.107115605269763,NA,NA,1.07132730705882,0.0618825023953715,1.3836207800565,NA
NA,NA,NA,0.750310127615175,-0.127553972190536,NA,-0.0613761157826341,0.849072231311822,NA,0.681746927963822,-0.267689735449015,0.717840443877312,-0.360413337988531,0.862645734580962,NA,NA,0.102341930027895,NA,NA,NA,-0.101948559398815,NA,0.0897587409843814,0.165895992361772,NA,0.0242433339523605,0.0465272498324162,NA,NA,NA,0.00881568245880662,NA,-0.0872627233457423
NA,NA,NA,NA,-0.228715241193328,NA,NA,1.03195292993335,NA,0.873620398260041,-0.376352781068431,NA,-0.278691242442541,NA,-0.244961456290047,NA,NA,1.00808492020108,NA,1.0111085088071,NA,1.11511792039865,0.107369862661879,0.957839347897363,NA,NA,-0.0117119043235053,NA,-0.0928980712620874,NA,-0.117740287676886,NA,-0.225276710888506
0.371575524483186,NA,NA,0.699076915754333,NA,0.559623217419352,NA,0.867804899759781,-0.507405891037371,NA,-0.67554414698064,NA,0.0703685198983977,NA,NA,NA,NA,NA,NA,NA,0.267415374084446,0.929373687918996,0.265276324444385,NA,0.320960169475847,0.660616201002308,0.130765400259629,0.990667591702292,NA,NA,0.123949986051861,NA,0.041771630718291
NA,0.500233317122061,0.683821105666562,NA,NA,NA,1.43713931236387,-0.896060929005834,NA,NA,NA,NA,0.775182850890489,-1.34296282197244,0.413473073873131,NA,0.314952140327313,NA,-0.137997795281073,NA,NA,-0.98777834255012,NA,-1.05935328369124,NA,NA,NA,-0.230846595953184,NA,-0.118176426071174,NA,0.268614336224708,NA
0.371575524483186,NA,NA,NA,0.676088245218365,NA,0.757520979429315,NA,0.978426487744682,NA,1.32430756289757,NA,1.53671706867746,NA,NA,NA,NA,NA,NA,NA,1.0997892978014,-1.41457169882912,NA,NA,0.7721082460965,NA,NA,NA,NA,NA,NA,-1.40242347033058,NA
NA,0.238932623885551,-0.079731898251492,NA,NA,NA,NA,0.659680674739166,-0.400507809659213,0.543091227486187,-0.0763750245866994,NA,-0.21812804091402,0.77560006285881,NA,NA,-0.0472337139942156,0.655494504211222,NA,0.625803594148245,NA,0.721542232214606,0.231459013268157,0.549351452352055,NA,NA,0.109289493022723,NA,NA,0.439153736333948,NA,NA,-0.050939893136754
NA,-0.263828177641598,0.113414622657414,NA,-0.0942115319436576,NA,-0.225483291021679,0.237293415772587,NA,NA,NA,-0.0360095234554282,NA,NA,NA,NA,-0.123650496010474,0.139724816562797,-0.0148640144206952,NA,0.155873850704143,NA,0.71618040271982,NA,-0.0349178406270007,-0.37112711944652,NA,NA,0.37324377582282,-0.312731772209635,0.00910854570348965,NA,-0.124713327427652
0.371575524483186,NA,NA,NA,NA,-1.03455718256034,NA,NA,1.23257693098312,-0.357983187410551,NA,NA,NA,NA,NA,NA,NA,NA,-1.86767892453675,-0.662602080041581,0.0464918012613367,-0.463668586015737,0.20708047179998,-1.58950131749077,-1.71541772035168,NA,-1.66795140178659,0.313153103304418,-0.43289934702692,NA,NA,NA,-0.0833899904236357
NA,-0.359923312560907,NA,-0.05633858888135,1.7580057275,-1.46472823702526,1.5366467985203,NA,1.36417672344428,-2.70044070439842,0.352409474410681,-2.05862436395556,-0.463087697727601,NA,NA,NA,NA,NA,-1.86767892453675,NA,NA,0.764279982943244,NA,-0.23333651302115,NA,0.650632655792319,0.874427856653378,NA,1.68418441112548,NA,1.96153017692368,-1.64891602170411,NA
0.371575524483186,NA,0.43750717758626,NA,0.838351880193527,NA,1.06039589921979,NA,1.59062945598817,NA,NA,NA,1.83279694404497,NA,NA,0.970415808443151,NA,1.01870147751878,1.8200653360316,NA,NA,NA,2.18585818837274,NA,2.24098039085285,NA,NA,NA,1.9909010419639,NA,1.96153017692368,NA,2.04448524150303
NA,-3.09712813770084,-2.34566761737916,-0.991723597676964,-0.221235544002563,-2.97034628554347,1.5366467985203,1.03195292993335,NA,-0.913410153069188,NA,-0.543500321481961,-0.233501299848589,NA,-0.180438968999916,NA,-1.96540628923558,-2.07650473755264,NA,NA,-1.8313116226495,NA,NA,0.957839347897363,-1.71541772035168,NA,NA,-2.40658287865182,-1.9295518351169,NA,NA,-2.51534396802215,2.04448524150303
NA,NA,0.353228319675445,-0.174030387362087,NA,-0.24444550228675,0.134132217652049,NA,0.467598363500228,-0.366364360696285,NA,-0.357973382481069,0.905070358501638,NA,NA,-0.737714354466208,NA,NA,0.992203626976614,NA,NA,NA,0.853210759592484,-1.92283830372527,0.706867241242737,NA,NA,-1.69226388093922,0.390709393390215,-1.45522859274582,0.00910854570348965,-1.0830787626392,NA
NA,NA,0.143293270953987,-0.713520811747809,0.417875141906863,NA,NA,-1.29579040230249,NA,NA,NA,NA,0.280283758495544,NA,-0.187482726115813,NA,-0.313950140162674,NA,NA,NA,NA,NA,NA,-0.323138812164301,NA,NA,NA,NA,NA,-0.402224980503753,0.410135948756118,NA,NA
0.371575524483186,NA,-2.34566761737916,NA,NA,-1.18285798573988,1.5366467985203,1.03195292993335,NA,NA,NA,NA,-1.87234442602788,-0.616948039467337,NA,0.144438089969539,NA,NA,NA,NA,NA,-0.652744058023923,0.343517195357672,-0.774937645457917,0.394113970552019,NA,0.0643916983829532,-0.663540218538596,NA,NA,NA,-0.565569171626718,-0.076474395919874
0.371575524483186,0.6928594355316,NA,NA,1.95943419091427,0.901231920422785,-1.98761338056366,NA,NA,NA,NA,0.971623720991641,NA,NA,NA,0.970415808443151,NA,NA,-1.60184787951368,1.0111085088071,1.92429522517217,NA,-1.77169724477278,NA,0.262781335250584,NA,1.83831916750429,NA,NA,1.07132730705882,1.96153017692368,NA,NA
0.371575524483186,0.249942537785791,NA,NA,NA,NA,0.699635005987861,NA,0.00647937566784904,-0.667639841344879,0.881347869788028,NA,NA,NA,0.836119402183385,NA,NA,NA,NA,NA,0.400720639147876,NA,0.357230124933522,NA,0.198905287745187,-1.66713102056416,-0.133712588781981,-1.13846364662872,NA,-1.17888947210257,-0.472124337959664,NA,NA
NA,-0.375234862356766,-0.389479115663604,0.0218264643725082,NA,NA,NA,-0.185670519183949,NA,-0.393545095382002,-0.429706356631425,-0.102735586285966,0.367605522282486,0.0838160402248558,NA,-0.317256992981141,NA,0.0338687640073548,0.0767764304544284,-0.449588933398809,NA,0.512305656519508,0.530887657339947,-0.244164247458227,NA,NA,NA,-0.0519168274160035,-0.0762557487988794,NA,-0.700870056273422,NA,NA
-2.6706990822229,NA,NA,NA,NA,NA,NA,-2.68853732785383,1.59062945598817,0.873620398260041,1.6966735794969,NA,NA,-0.469659883276521,-0.180438968999916,NA,NA,NA,NA,NA,NA,NA,0.20708047179998,NA,NA,NA,-1.66795140178659,1.09360821166862,NA,NA,NA,NA,NA
-2.6706990822229,NA,NA,NA,NA,NA,NA,NA,-0.447465517856597,0.873620398260041,-2.33609857190099,NA,-2.29979954374214,NA,NA,-0.639175193337214,NA,-0.52890163001693,NA,-2.33631266889026,1.92429522517217,NA,NA,NA,NA,0.795513569705228,1.83831916750429,-0.6564873334916,0.0306746034234994,1.07132730705882,0.985319361313587,-0.565861593982824,-0.0833899904236357
0.371575524483186,0.473419155041442,0.718944767992691,0.177581699750878,NA,-0.267733045195638,NA,-0.78319985703586,1.45167214067144,-1.54151565125039,NA,-1.45736253894034,NA,NA,0.630073830526074,-1.97972305916999,0.0833305233848862,-1.60166915209853,NA,NA,-0.966094917048341,-0.895892967876803,NA,-0.814514265553834,NA,-0.564528430798028,NA,0.123512750030857,NA,NA,NA,0.53142405506895,NA
0.371575524483186,NA,-0.252234581890222,0.750310127615175,NA,NA,NA,1.03195292993335,-0.0341398571608773,0.873620398260041,NA,0.971623720991641,NA,NA,NA,0.970415808443151,0.197502061977446,NA,-1.15848882578685,NA,-0.452496902574489,NA,NA,0.957839347897363,NA,NA,-1.34137736096284,1.09360821166862,NA,NA,NA,NA,NA
NA,-1.20213435108462,-0.10420863038942,-0.991723597676964,-0.221235544002563,0.901231920422785,NA,-0.82829219896024,NA,NA,-2.33609857190099,NA,-0.233501299848589,NA,-0.180438968999916,0.970415808443151,2.15854309102664,-2.07650473755264,NA,-0.662602080041581,0.0464918012613367,NA,NA,NA,NA,0.795513569705228,1.83831916750429,NA,NA,NA,1.96153017692368,NA,NA
0.371575524483186,NA,NA,NA,NA,NA,-1.87478419093029,1.03195292993335,NA,-0.00427623038595632,NA,NA,-1.67385581671947,-1.25632810201397,-2.21863474097828,-0.550663784149312,NA,-0.0165057171429325,NA,NA,NA,-0.748734277613918,-0.50001595744013,NA,NA,NA,NA,-0.989705525290105,-0.196574447596489,NA,NA,-0.833681482528347,NA
NA,NA,2.13725035660032,-2.7337573229691,1.95943419091427,-2.97034628554347,-1.67846527765441,-0.1837358642499,NA,-0.0904289732655384,-0.178202521409496,NA,NA,NA,0.543772129839014,0.532719727329016,0.0151822598760531,NA,0.954736145289239,-0.662602080041581,NA,-0.934541661553827,NA,0.957839347897363,-1.05602462914778,0.795513569705228,-1.66795140178659,1.09360821166862,-0.450776612146409,-0.146275530247362,NA,NA,NA
0.371575524483186,0.0924685541179835,NA,0.485573262382528,NA,0.598106704786657,NA,NA,NA,NA,-0.237000339376877,0.697265059380521,NA,NA,NA,0.658509264118152,NA,0.677222851841024,NA,0.615527011132714,0.0635610343846861,NA,NA,NA,0.17884634932138,0.25908647017185,0.104398245578562,NA,NA,NA,0.03234236311501,NA,-0.0572809613278955
NA,NA,2.13725035660032,-2.7337573229691,0.111185750388159,NA,NA,NA,1.59062945598817,NA,-2.33609857190099,0.971623720991641,1.83279694404497,-1.99170345246962,NA,-0.183644843923353,-1.96540628923558,1.01870147751878,1.8200653360316,NA,NA,-2.04245509243012,NA,0.957839347897363,NA,NA,0.0224567023742343,1.09360821166862,-1.9295518351169,NA,NA,-0.27462842212509,2.04448524150303
-2.6706990822229,NA,-2.34566761737916,-0.991723597676964,-0.221235544002563,NA,NA,NA,-0.447465517856597,NA,-0.319712496202048,NA,-0.233501299848589,NA,-2.27057461169936,NA,NA,-2.07650473755264,NA,NA,NA,NA,2.18585818837274,0.957839347897363,-1.71541772035168,0.795513569705228,NA,-0.6564873334916,0.0306746034234994,-0.804447337546464,0.00910854570348965,NA,-0.0833899904236357
NA,NA,2.13725035660032,0.750310127615175,-2.4019052789194,NA,-1.98761338056366,NA,NA,0.873620398260041,NA,0.971623720991641,1.83279694404497,NA,NA,NA,2.15854309102664,1.01870147751878,NA,1.0111085088071,1.92429522517217,NA,2.18585818837274,0.957839347897363,NA,0.795513569705228,0.961751525181567,-0.6564873334916,NA,NA,-1.9433130855167,1.3836207800565,-2.21126522235031
0.371575524483186,0.534949603292871,NA,0.459965366620734,-0.584687768721152,NA,NA,NA,-0.617299972027082,NA,-0.235689688427673,NA,0.0247859806381058,NA,NA,NA,0.182490886233291,1.01870147751878,NA,NA,-0.109985558053153,NA,NA,NA,NA,NA,NA,NA,NA,0.524220116466798,NA,NA,0.00527857049074861
0.371575524483186,-0.109727282913967,NA,-0.288081335356963,-0.221235544002563,NA,NA,NA,NA,NA,NA,0.163562615419195,-0.0633416394639543,NA,NA,0.295015328186092,NA,NA,-0.0238067942525735,0.105329812333971,NA,0.452643314442108,0.370032816759747,NA,NA,-0.149503447326445,0.261181134084404,0.15336938003129,0.192099250637302,0.0414895116776275,0.468493831313289,0.275086617706519,NA
0.371575524483186,NA,NA,NA,NA,0.846352299353213,-0.37498240781842,NA,NA,NA,NA,0.902473459693146,-0.580536089910511,0.97037597840845,NA,NA,NA,NA,NA,NA,-0.466448982014146,NA,NA,0.956034725491184,-0.543275433935671,0.560982993833012,NA,NA,NA,0.770284234346119,NA,NA,NA
0.371575524483186,NA,-1.31930354723656,0.750310127615175,-2.4019052789194,0.901231920422785,NA,NA,NA,NA,-1.1488302866687,0.971623720991641,NA,NA,NA,NA,NA,1.01870147751878,NA,1.0111085088071,NA,1.11511792039865,NA,NA,-0.54606469460407,NA,-1.01482085149193,1.09360821166862,NA,1.07132730705882,NA,1.3836207800565,-2.21126522235031
NA,NA,-0.094816917233933,NA,NA,0.774205439485032,-0.259316188740885,NA,-0.41473371257665,0.811253032018651,NA,NA,-0.0820416385711909,NA,NA,0.92491267082282,NA,0.938752300983483,NA,NA,0.204452625280716,NA,NA,0.859925181700692,0.289704624397331,0.676409691491037,0.171525795627636,NA,NA,0.960018839647944,NA,NA,NA
NA,0.6928594355316,NA,NA,NA,NA,-0.229430462422253,NA,NA,NA,-0.229499383175277,0.910609675801229,NA,1.05238368591657,NA,0.952404485133228,NA,1.01870147751878,NA,NA,NA,NA,0.353173630614547,NA,0.461926634178065,0.795311324774638,NA,1.07794485653943,NA,1.07132730705882,NA,1.3836207800565,NA
NA,0.363585315169166,NA,NA,-0.39909096758238,NA,-0.256725857509258,0.900024345392218,NA,0.518751871377083,-0.140959870591337,NA,-0.248151354397794,0.966022933800557,-0.180438968999916,NA,NA,0.94186298322963,NA,NA,NA,NA,0.347415387459321,NA,NA,NA,0.228327378850148,0.702636866879824,0.162754660852352,NA,NA,NA,-0.0833899904236357
NA,NA,NA,NA,NA,-1.6721480394099,NA,NA,NA,NA,NA,NA,NA,-0.155586192773526,NA,NA,0.49749875964462,0.189635016780824,1.41764024359708,NA,0.0464918012613367,NA,NA,NA,0.804432018665041,0.357745224493762,1.19828453778593,NA,NA,NA,0.00910854570348965,NA,NA
NA,NA,NA,0.129240263874022,-0.126420023928379,NA,NA,NA,-0.0752889946828032,-0.0198948774045737,0.223844698224116,NA,-0.70963840418898,0.297982790846016,NA,NA,NA,0.0295819033994809,-0.504817716879807,NA,0.266927145194229,NA,0.130996468597758,NA,NA,NA,0.0104301943215666,NA,NA,NA,-0.483233617041307,NA,0.231173805112084
NA,0.6928594355316,NA,NA,NA,NA,-0.225483291021679,NA,NA,NA,-2.33609857190099,NA,NA,-0.469659883276521,-0.180438968999916,-2.24876619511758,NA,1.01870147751878,1.8200653360316,NA,1.92429522517217,NA,NA,NA,NA,NA,NA,-2.40658287865182,NA,NA,1.96153017692368,NA,-0.0833899904236357
NA,0.6928594355316,NA,-0.991723597676964,-0.221235544002563,NA,-1.97466172440553,NA,0.676482717369579,-1.6623903977423,NA,NA,NA,NA,-0.180438968999916,NA,NA,0.609035458923,NA,NA,0.0464918012613367,NA,-1.77169724477278,NA,-1.71541772035168,NA,NA,NA,NA,NA,-1.9433130855167,-0.565861593982824,NA
0.371575524483186,-0.876422819041023,NA,-2.7337573229691,NA,-1.03455718256034,NA,-0.82829219896024,NA,NA,1.6966735794969,-0.543500321481961,-0.233501299848589,-1.40349449471925,-1.59562800995885,0.656883577206353,0.841889772390318,0.275526989249055,0.241249824475777,-0.662602080041581,NA,-2.04245509243012,NA,NA,NA,0.795513569705228,NA,NA,NA,NA,NA,-0.565861593982824,NA
NA,NA,NA,NA,NA,NA,-0.602297189369336,-0.274013560355106,-0.357728196158211,-0.232622994234805,NA,-0.105159784753923,NA,NA,NA,-0.312927193186352,NA,NA,NA,-0.503381991724406,NA,-0.36016334265521,NA,NA,-0.234221395478929,-1.04392245990528,-0.321718816707358,NA,NA,NA,-0.360875353412737,-0.539816509465659,NA
NA,-1.20213435108462,NA,-0.991723597676964,NA,-1.03455718256034,-0.225483291021679,-2.40950055851979,NA,NA,-0.319712496202048,NA,-2.29979954374214,NA,-0.180438968999916,NA,-1.96540628923558,NA,NA,1.0111085088071,NA,NA,NA,NA,2.24098039085285,-2.88166698645996,NA,1.09360821166862,-1.9295518351169,NA,NA,-0.565861593982824,-0.0833899904236357
0.371575524483186,NA,-0.102527536149178,0.750310127615175,-0.221235544002563,0.881525587354417,NA,0.933750589579058,-0.398673524182753,NA,-0.27676347278966,0.939624301214598,NA,NA,-0.131571597673603,NA,NA,0.918912029144875,NA,NA,0.150221662398171,NA,0.330575989091286,0.85340352647044,NA,NA,NA,1.01837160418218,NA,1.03737578599147,NA,1.3299515302992,NA
NA,0.209029621932747,NA,NA,NA,0.679429205002978,NA,NA,NA,0.392015664676814,NA,NA,-0.173330694986408,NA,NA,0.901927711317396,0.257423046472656,NA,NA,0.770043972695224,NA,NA,0.309541581964118,NA,NA,NA,0.190617438877425,NA,NA,0.728248124560515,NA,NA,NA
0.371575524483186,NA,NA,0.750310127615175,NA,0.901231920422785,-0.184601872944305,NA,-0.476732561681008,0.863755989616704,NA,0.946518115607853,-0.185563180590258,1.05238368591657,NA,0.93128665118987,NA,NA,0.00674616694623535,NA,NA,1.08546830980819,0.248615016070843,0.906505880838415,NA,0.759348498935343,0.113234047413175,NA,0.0609993064277195,1.04439118316229,NA,1.35777064377674,NA
NA,NA,NA,0.513376120638191,0.427666349016639,0.370477264166871,NA,NA,0.710783855779387,0.11322102836394,NA,NA,NA,NA,NA,-0.331292626516666,NA,NA,1.38068904610619,-0.864518525480286,1.49181831861127,-0.755412544536051,NA,NA,1.56261637070572,NA,NA,-1.47551454767113,1.01335571932819,-1.80134653016839,0.804368924532099,-1.66207502772888,NA
0.371575524483186,-0.206466715720725,-0.180194090048372,0.66172771268407,NA,NA,-0.524146719898149,NA,NA,-0.0047587286348152,NA,0.432345620554012,NA,0.794412521374036,-0.924380948305928,0.233818678298402,0.13151887189325,NA,NA,0.330276515475233,NA,0.901050257993922,0.307701318687705,NA,0.564535819192154,0.194055532036069,NA,0.500360823770206,-0.0357770728430202,0.753402262544671,-0.288713849922839,0.921028107520709,-0.299773622758259
0.371575524483186,NA,-0.423302731777279,NA,NA,0.901231920422785,NA,NA,-0.600607974191293,NA,-0.824010653734354,0.971623720991641,-0.774065583433581,NA,NA,NA,NA,NA,NA,1.0111085088071,NA,NA,-0.973478101684495,0.957839347897363,NA,NA,-0.785896446022931,NA,NA,1.07132730705882,NA,1.3836207800565,-1.88010400000556
NA,0.6928594355316,0.914646552146765,0.750310127615175,0.968210762907824,0.549266745718393,0.895865812759256,1.03195292993335,-0.632748731928825,NA,-0.319712496202048,0.69614386758909,NA,NA,NA,NA,NA,1.01870147751878,-0.526686040344977,0.858951479174866,-0.807063745077332,NA,0.360435744834369,NA,NA,0.795513569705228,0.240634388548359,NA,0.743491345534331,1.07132730705882,1.25155157494677,0.851938452184755,0.496945421579725
0.371575524483186,NA,0.405745703740615,-0.254355562435307,0.511425873534795,NA,0.613625436317317,NA,NA,-0.951223719535315,0.768490741131158,NA,NA,-1.09780726428251,0.499691169134483,NA,NA,-1.30270318378478,NA,NA,-0.226728596917689,NA,NA,NA,NA,NA,-0.471243725134767,-0.378694667608319,NA,-0.337979698926022,NA,NA,0.00668296814382022
0.371575524483186,NA,-0.164996998116582,NA,-0.132525899186146,NA,NA,NA,-0.371464956281925,NA,-0.476930118524295,0.334756480978287,-0.275529806129383,NA,-0.0174710929386401,0.39205756968343,NA,NA,NA,0.228146695343687,NA,0.665558462697152,0.139999907208164,NA,0.195720387265668,NA,NA,NA,0.0240294357968475,NA,NA,NA,NA
0.371575524483186,NA,0.0407689368890762,NA,-0.248188621926135,0.858857496958484,NA,NA,-0.400344762061306,NA,NA,0.809853926976734,-0.0197220835353613,NA,-0.070309721986082,NA,0.325859986438107,0.803646549695616,0.135337809312254,0.703698084953263,0.268635946309988,NA,0.492855549627419,0.624234348434217,0.52809739258796,NA,NA,0.728013252284647,NA,0.642187583866024,0.320129311556867,NA,NA
NA,NA,NA,0.46155061731075,NA,NA,NA,NA,NA,0.465712804613631,NA,NA,NA,NA,NA,NA,NA,NA,NA,NA,NA,NA,-0.34675962329157,NA,NA,NA,-0.0938287610562976,0.846319711137478,-0.033248380737303,NA,NA,NA,-0.0949443529329975
0.371575524483186,NA,0.914646552146765,NA,-1.21245897200901,NA,-0.0652880445814173,NA,NA,0.873620398260041,NA,NA,-0.797042819905678,NA,NA,0.970415808443151,NA,1.01870147751878,NA,1.0111085088071,-0.636352635809598,NA,NA,NA,NA,NA,-0.000965185028628749,NA,NA,NA,NA,NA,-0.470280265092543
0.371575524483186,NA,NA,NA,-0.221235544002563,NA,NA,-2.68853732785383,NA,-0.913410153069188,NA,0.971623720991641,NA,-0.652305111579693,NA,NA,NA,-2.07650473755264,-1.86767892453675,-0.662602080041581,0.0464918012613367,NA,-1.77169724477278,-0.828915509706118,NA,NA,0.48256705782943,NA,NA,NA,0.00910854570348965,NA,-0.0833899904236357
NA,-3.09712813770084,NA,NA,NA,NA,NA,NA,0.223047347588594,-2.70044070439842,-1.15385108799719,NA,NA,-0.469659883276521,NA,0.970415808443151,-0.454185038838491,0.0356949356742469,-1.19499749396648,NA,NA,NA,NA,NA,-0.916403339803371,-2.88166698645996,-1.66795140178659,NA,NA,NA,-1.9433130855167,NA,NA
0.371575524483186,NA,NA,0.750310127615175,-0.533790937108193,0.901231920422785,NA,NA,NA,0.740844028296279,NA,0.88844341105984,NA,0.906145739788501,-1.14986478144034,NA,NA,NA,-1.24113117466619,0.598471900232346,-1.091250515252,0.635750973456049,NA,NA,NA,0.0155284160342491,NA,NA,-1.22228253382714,NA,-1.41184439328226,0.192389575399771,NA
NA,-1.1578483462914,NA,NA,NA,-1.04932725341611,NA,-0.554724550305149,NA,-0.845753176395864,-0.446785146692595,-0.543500321481961,NA,-0.53924771526003,-0.505246047875409,NA,NA,NA,-0.123634031386159,NA,NA,NA,NA,-0.766146811558508,NA,-1.10264703338724,0.246875550161697,NA,0.0450234609536152,NA,0.00910854570348965,-0.5666218921087,0.172189103683077
0.371575524483186,0.562995511334791,NA,0.400457494564755,NA,0.125987100460101,NA,NA,NA,-0.830563416709565,NA,-0.895569695231552,NA,NA,1.51294712600232,NA,1.38293131133382,-1.93714307771905,0.643674916910299,NA,0.159911128065551,NA,NA,-2.31535261084361,NA,-2.24119406308989,NA,-1.377929220073,NA,-1.05936511174832,-1.82525014947682,NA,NA
NA,0.471239912186833,NA,0.750310127615175,0.571939458678737,NA,0.112951413975754,0.754515971410161,NA,NA,-0.406255786571047,NA,0.2830732611248,NA,0.348825178444437,NA,NA,0.570360857265683,NA,NA,0.564296095404749,1.11511792039865,NA,NA,NA,NA,1.01846545163985,0.759357463498466,NA,NA,1.39382453921379,0.454906871887906,NA
0.371575524483186,NA,0.225039280209502,0.225400525510147,-0.525133678260573,0.613225217680955,-0.471053740300249,NA,NA,NA,NA,NA,-0.326897980472577,NA,NA,0.188347732498107,-0.40824424274237,0.733075847991987,-0.287720212260148,0.513095923095175,NA,NA,NA,0.173829183929532,-0.392892741728787,0.0866267020877029,-0.209991505016904,0.266355548426833,-0.00994128838305766,0.205863643784389,NA,NA,-0.552246019026358
NA,0.687193404109618,0.381672434220345,0.610355138125204,0.804333432328824,0.454103353415742,NA,NA,NA,-0.256247538123378,NA,NA,1.48797309310401,NA,NA,NA,NA,-1.20531252022756,1.11364104547713,NA,0.950090808847229,NA,0.910219345606945,-1.98419546553538,0.577473241015793,-2.26851551462219,NA,-1.79180931554794,-0.233211079732809,NA,NA,-1.48603676935313,-0.828827241672187
0.371575524483186,NA,NA,-0.991723597676964,NA,-1.03455718256034,NA,-0.82829219896024,-0.447465517856597,-0.0602102866425612,-2.11627216192829,-1.32384980831757,NA,NA,NA,0.401618540234005,2.15854309102664,NA,NA,-0.662602080041581,0.0464918012613367,NA,NA,-2.6156703673096,-1.71541772035168,NA,NA,NA,1.9909010419639,-0.804447337546464,0.00910854570348965,-0.565861593982824,NA
NA,0.647152185398417,NA,0.656257726786652,-0.674814848865265,NA,NA,NA,-1.00472144560523,NA,NA,NA,-1.28243694037871,NA,-1.46453470244874,0.293502312644418,NA,0.0568970982474861,-1.38165266971514,NA,-1.39119205615327,0.0399327338003238,NA,-0.421678342561133,NA,NA,NA,-0.575877932681521,-1.58445397061186,NA,-1.57856167637215,NA,NA
0.371575524483186,NA,0.12282875040277,NA,NA,NA,NA,NA,NA,NA,NA,0.941018215333674,-0.297473893479533,NA,NA,NA,NA,NA,0.00490229481595117,0.971274196792501,NA,1.08178973724824,0.101849072832641,NA,NA,0.716031311983717,NA,0.935714591584261,NA,1.07132730705882,NA,NA,NA
0.371575524483186,NA,0.682700376173067,NA,NA,-0.152398730439903,NA,NA,1.50454032429297,NA,NA,NA,1.48972944661132,NA,1.03278026480498,NA,0.633094215267642,NA,NA,-2.11919893130481,-0.72244992279591,-1.49112705652515,NA,-1.48642342975562,NA,-1.12724737130799,NA,-0.178186220999313,NA,NA,NA,NA,NA
0.371575524483186,NA,NA,NA,NA,-0.783040104409747,NA,NA,NA,-1.47680727498675,NA,-1.86456727659554,0.529913249340324,-1.88298388032215,-0.365771296438075,-1.26556362759006,-0.609369254017758,-1.24934182863695,NA,NA,NA,NA,-0.197441056798989,NA,NA,NA,NA,NA,NA,NA,NA,-0.219672514000921,1.61444165713065
0.371575524483186,0.6928594355316,NA,0.600564908589062,0.91299620521973,NA,1.04578784077749,NA,1.26905883101495,NA,NA,-0.400063528380985,1.5899655744226,NA,NA,NA,1.65370982764184,-1.32375058604727,1.1659885752559,NA,0.884255020804915,-1.63358096299892,NA,-2.09461691573527,NA,-2.36191590074879,NA,NA,-0.521776013750342,NA,NA,NA,NA
0.371575524483186,NA,-0.0477238639172786,NA,0.242767362193041,NA,1.07854583914207,-1.30648681179363,1.43418528579585,NA,0.0710631252684074,-1.47305922402037,0.299314365321803,NA,NA,-0.850305245040745,-0.198891952453359,-0.998057512066379,NA,-0.853555721123327,-1.56085159550362,NA,NA,NA,0.138253704700422,-0.422791506260641,NA,-0.172463408566639,-0.192967630949575,NA,0.268702525790527,-0.328083228821248,0.352143512047115
NA,NA,NA,-2.7337573229691,-0.945283316087,NA,NA,0.9810938281094,-0.423579044763136,0.754943699346267,-0.359092516260448,NA,0.105495590044588,NA,-0.18861139936287,0.894974278189705,0.0240693707905181,0.897802722758088,-0.0742182582945429,-2.32324098919135,0.266551584509447,-1.93760788053914,NA,0.881062491666142,0.25504657694318,NA,0.326380235320367,NA,-0.0995040343599686,NA,-0.356970510150297,NA,NA
NA,NA,-1.11647392350385,NA,NA,0.344034385020121,NA,NA,NA,-0.913410153069188,NA,NA,NA,-1.99170345246962,NA,NA,-0.714406244733037,NA,NA,-1.83378106458845,1.92429522517217,-0.463668586015737,0.20708047179998,NA,2.05690896872906,NA,1.83831916750429,NA,NA,NA,NA,NA,2.04448524150303
NA,NA,0.582439915685016,NA,1.03954046993695,-0.374278877423829,0.805838586484556,-0.721941984941394,1.59062945598817,NA,1.53774202901031,-1.48898317770676,NA,-1.53154402019547,NA,NA,NA,NA,NA,-1.98438154337305,NA,-1.67777119731346,NA,NA,-1.07458013628933,-1.62425509527927,NA,-0.708622679781923,-1.67160563806937,-0.32815063978829,-1.59435676736872,-0.562079598177188,NA
NA,NA,NA,0.750310127615175,NA,NA,NA,NA,-0.327584771495047,0.873620398260041,0.154722983549157,0.971623720991641,0.00959868854548823,1.05238368591657,0.803157963098015,NA,NA,NA,NA,1.0111085088071,NA,NA,NA,0.957839347897363,NA,NA,0.439755494178388,NA,0.145975122538446,NA,0.698196236226345,NA,NA
NA,0.6928594355316,NA,0.101315463257588,1.95943419091427,-0.996596358250845,1.5366467985203,NA,NA,-2.38508342300535,NA,-2.05862436395556,NA,NA,-0.877143882780921,-1.68067714694922,-1.31850296970075,-0.893037165189006,NA,NA,-1.8313116226495,NA,NA,0.817704164415522,NA,0.664495626489062,NA,NA,1.14531816317073,NA,NA,-0.795218195288551,NA
NA,0.392199721347071,NA,NA,-0.157581794440341,NA,-0.230188178360756,0.807737584547807,-0.166310316214711,NA,-0.355785643096302,NA,0.902776767450916,0.926267155773234,-1.38197434456212,NA,-0.512126527631175,NA,NA,NA,1.92429522517217,0.272203804624008,-0.115262418229722,NA,NA,NA,0.0648825762626539,0.421256505128964,-0.602439331696279,NA,-0.492780958817974,NA,-0.113712212478591
NA,-0.455620498785026,NA,NA,-0.193541038369119,NA,NA,NA,NA,NA,-0.747428310579308,NA,0.0795842100661629,0.129933960371407,-0.180438968999916,NA,0.190615066512408,0.26834611083009,0.0320625312950371,0.656081018700518,NA,0.0147510890230144,NA,NA,NA,NA,0.192861452041771,NA,-0.0287202576642747,NA,0.134258772264704,0.202117492446227,NA
0.371575524483186,0.201752845792141,NA,NA,-0.165781112643628,NA,-0.158645696725352,NA,-0.244715829858519,NA,NA,0.606993968929944,-0.0816697048872901,NA,NA,NA,-0.065358471520468,NA,NA,NA,0.259716380046412,0.612795417652783,NA,NA,NA,NA,NA,0.493447946366823,0.3744787184791,0.316496832323208,0.296055952843922,0.554213504021469,0.238217072129761
0.371575524483186,-1.09097401556171,NA,NA,-0.20296153162396,-1.03455718256034,-0.245166284121863,NA,NA,-0.88345952102891,-0.471788334031262,NA,-0.123842852045158,NA,NA,-0.639175193337214,0.292394137217279,NA,NA,-0.742086595906005,NA,NA,NA,NA,0.273839467971401,-0.85305840313753,NA,NA,NA,-0.720618968679054,0.00910854570348965,-0.473280676039697,-0.154716368197818
NA,NA,2.13725035660032,0.750310127615175,NA,0.343298785160987,NA,0.0203888337435941,NA,-0.322242576383966,1.6966735794969,NA,NA,-0.734738991287191,NA,-1.17164399263618,NA,NA,NA,NA,NA,-1.86089464419247,1.15479627137534,NA,0.958612853058681,NA,0.25294139824657,-2.40658287865182,-0.296938041249758,NA,-0.81532101229555,NA,NA
NA,NA,NA,-2.7337573229691,NA,-2.97034628554347,-1.98761338056366,-0.82829219896024,NA,-0.913410153069188,NA,NA,NA,NA,-0.180438968999916,-0.639175193337214,0.0965684008955279,NA,NA,-2.33631266889026,1.92429522517217,NA,2.18585818837274,NA,NA,0.795513569705228,-1.66795140178659,-0.6564873334916,0.0306746034234994,NA,NA,NA,-2.21126522235031
0.371575524483186,NA,0.51163222628601,0.264718226689991,0.713857445027125,NA,0.896323966582537,NA,1.3970511953724,-0.737727179568012,1.61859911064583,-0.847994800297881,1.60963673370446,-1.01359259359906,NA,-1.68724427823648,NA,NA,0.815800380272326,-2.03263461964956,0.40505836505711,NA,0.0472150200780671,NA,-0.258592807843949,-2.28517314254162,-0.712685516536137,NA,NA,-1.37678369710843,-1.29315668232038,-0.942345630057299,NA
NA,0.6928594355316,0.216006200491934,0.750310127615175,1.33639504095118,0.901231920422785,1.03318861063726,NA,-0.738627765820061,0.618325213697147,-0.607773410976399,0.971623720991641,NA,1.05238368591657,NA,NA,-0.198005303336602,NA,0.0428860606998052,1.0111085088071,NA,NA,0.20708047179998,-0.318421779340227,NA,0.795513569705228,NA,NA,0.132253537468663,NA,NA,1.3836207800565,-0.0833899904236357
-2.6706990822229,0.6928594355316,NA,NA,1.95943419091427,NA,-1.98761338056366,NA,NA,NA,NA,NA,NA,-1.99170345246962,1.90969667369953,0.970415808443151,-1.96540628923558,NA,NA,-1.91788502167809,1.92429522517217,NA,NA,0.957839347897363,-1.71541772035168,0.795513569705228,-1.66795140178659,NA,-1.9295518351169,NA,NA,NA,NA
NA,NA,0.832407421914111,0.125460050690138,1.43007661276321,NA,1.45114824657573,NA,NA,-1.90490831386318,NA,-1.78373540892958,NA,NA,0.0357855632373417,NA,-0.551139088768456,NA,NA,-1.20411440395768,-1.62473446798506,NA,NA,-0.0341133463983615,-1.3623883168889,NA,-0.883090266203674,0.908360598213407,NA,NA,0.406602065603609,NA,1.08379213179278
0.371575524483186,0.513725672882769,NA,0.14676512315046,NA,-0.455349725056762,NA,-1.07648610405722,NA,NA,1.35919104200716,NA,NA,-1.9404258046235,NA,-2.13611092090297,-0.430348611420575,-1.64105565118532,-1.11867962649401,NA,NA,-0.49919128241006,-1.64877557301928,-0.180001880521686,-1.42596763453596,0.198670393634056,-1.00104120815462,0.848192313370799,-0.520599877887218,NA,NA,NA,0.901837520710732
0.371575524483186,0.6928594355316,-0.0945031129757544,NA,NA,0.901231920422785,NA,1.03195292993335,-0.590417499322069,NA,-0.445857609097774,NA,-0.368719856928983,1.01069491255637,NA,0.85067833382071,NA,NA,NA,NA,-0.221057630577479,NA,-0.0613407254531146,NA,NA,0.594500494602458,NA,NA,-0.332986605454516,0.767020386464506,NA,NA,NA
0.371575524483186,NA,NA,NA,1.95943419091427,NA,NA,0.508758987432029,NA,-2.38133065884756,NA,-2.05862436395556,NA,NA,NA,NA,NA,NA,-0.800316664479149,-1.91165881828757,-1.8313116226495,-2.04245509243012,-0.719007287333237,NA,NA,NA,NA,-2.40658287865182,-0.732127912870112,NA,-1.9433130855167,NA,1.22435956961386
0.371575524483186,NA,-0.0634589060059466,-0.240610916342752,NA,-0.0540993597904193,NA,0.104248684154117,-0.251604590870114,-0.115054254262855,-0.199253592039793,0.302605548796997,NA,NA,NA,NA,-0.0266139670929045,0.3273097892272,-0.0429646256862261,0.150335890068112,NA,0.311373497848149,NA,NA,NA,NA,NA,0.0981013627151302,NA,0.218693942353489,-0.097396054279572,0.583572708574501,-0.265770176552071
NA,0.6928594355316,NA,0.750310127615175,-2.4019052789194,NA,1.5366467985203,NA,NA,-0.913410153069188,-0.319712496202048,NA,NA,-0.469659883276521,-0.180438968999916,NA,NA,-2.07650473755264,NA,NA,NA,1.11511792039865,NA,NA,NA,NA,1.83831916750429,NA,1.9909010419639,1.07132730705882,NA,NA,NA
0.371575524483186,0.20866957311329,NA,0.241148510386788,-0.149077182474165,NA,0.072528149721661,NA,NA,0.541840306100256,NA,NA,-0.222115996524735,NA,0.27293235325802,0.970415808443151,NA,NA,0.0710973042931531,0.466533294513404,NA,NA,NA,0.47502245027575,-0.0499521534495779,NA,0.210077240536989,NA,NA,NA,0.154720150959892,NA,NA
NA,0.176037780107759,-0.216281579738907,NA,NA,0.901231920422785,1.05606105919952,0.406240878378703,NA,-0.0523830928277391,NA,0.696007506425268,-0.0359838507148036,NA,NA,NA,0.546450038788333,0.505175814376279,0.160580418775844,1.0111085088071,NA,NA,-1.77169724477278,NA,NA,0.00458880387965761,NA,0.083330556313978,NA,NA,0.295001645163063,1.3836207800565,2.04448524150303
NA,NA,-0.817396050869814,-0.991723597676964,-0.221235544002563,NA,NA,-0.257531788513109,NA,0.237330300153755,NA,-0.0155098951607604,NA,NA,NA,0.311948225524821,-0.645433191348151,NA,-1.51147970640845,-0.662602080041581,NA,-0.463668586015737,NA,NA,NA,0.795513569705228,NA,NA,NA,NA,-1.35907043659037,-0.565861593982824,-0.0833899904236357
NA,0.6928594355316,NA,NA,NA,0.901231920422785,NA,NA,NA,NA,0.646217089500774,0.971623720991641,NA,1.05238368591657,NA,NA,NA,NA,NA,NA,NA,NA,NA,NA,NA,NA,1.83831916750429,NA,1.9909010419639,0.402763708228606,1.96153017692368,0.457207261089273,2.04448524150303
NA,0.6928594355316,-2.17650470763104,0.750310127615175,NA,-0.0849171223099107,NA,0.329970828094065,NA,NA,-0.320801344682925,NA,NA,NA,-0.298740646376704,0.952356197403175,NA,0.288697091694184,NA,0.221619224047177,NA,1.03917828944012,0.204864240757419,NA,1.8304051768626,0.651956440792539,0.0829398696945019,NA,-1.9295518351169,1.07132730705882,NA,0.280135777055281,-0.324286745430054
NA,0.6928594355316,NA,0.750310127615175,NA,0.901231920422785,1.5366467985203,NA,NA,0.873620398260041,1.6966735794969,NA,1.83279694404497,1.05238368591657,1.90969667369953,NA,-1.96540628923558,NA,NA,NA,NA,-2.04245509243012,NA,0.957839347897363,NA,0.795513569705228,NA,-2.40658287865182,1.9909010419639,NA,NA,-2.51534396802215,2.04448524150303
0.371575524483186,NA,NA,NA,NA,0.875350420115901,-0.567865167419686,NA,NA,0.743846239622512,-0.92724962081014,0.860277255110256,NA,0.897317887087181,NA,NA,-0.976978101774332,NA,-1.07619681261227,NA,NA,NA,NA,NA,NA,0.156548290363184,-1.1976553303276,0.411245958610648,NA,0.222576795867822,-1.55825649140746,0.393186259925821,NA
NA,NA,NA,NA,-0.221235544002563,NA,-0.225483291021679,-0.82829219896024,NA,NA,NA,NA,-0.233501299848589,NA,-0.180438968999916,-0.639175193337214,NA,-0.52890163001693,-0.0238067942525735,NA,NA,NA,NA,NA,0.262781335250584,NA,NA,-0.6564873334916,0.0306746034234994,-0.804447337546464,NA,NA,NA
NA,NA,-0.00724311461224396,0.400962684345089,0.17776159739517,0.882048250412222,NA,0.835790081091522,-0.617381495826035,0.669863174797482,NA,0.826868769973713,-0.785698842546702,0.891199271939025,0.236835710708601,0.787630654280973,0.000851535779641851,0.778080146359126,-0.0420795670636897,0.975659318535285,NA,NA,NA,0.719504117441635,NA,NA,NA,0.722132931252908,NA,NA,NA,1.15432266322199,0.112225579647383
0.371575524483186,NA,0.20163844838533,0.640840728317817,NA,NA,0.457853136401806,0.642026948465966,0.513027500467228,NA,NA,NA,1.31622238307158,NA,1.3576082450369,NA,NA,-0.133659272383386,1.56103817916928,NA,NA,NA,NA,-0.96043853477431,1.84098854181007,NA,1.45269953029368,NA,NA,-1.52722082360577,1.26574568020574,-1.49028664092853,NA
NA,NA,-2.34566761737916,NA,1.58560197825748,NA,-1.98761338056366,1.03195292993335,-0.924237075088104,NA,1.61926451805081,NA,-1.01206181516524,NA,-2.27057461169936,NA,NA,1.01870147751878,-1.86767892453675,1.0111085088071,NA,NA,NA,0.131465226255753,1.95837487376951,NA,NA,NA,-1.9295518351169,1.07132730705882,-1.9433130855167,NA,NA
NA,NA,-2.21109041980029,0.750310127615175,NA,NA,-1.98761338056366,1.03195292993335,NA,NA,NA,-0.543500321481961,-0.233501299848589,NA,NA,NA,0.171273743918978,1.01870147751878,NA,NA,NA,NA,NA,-1.11931677671241,NA,NA,0.549782264642736,NA,NA,1.07132730705882,0.461836073550828,-0.565861593982824,NA
0.371575524483186,0.0456243077128304,NA,NA,NA,-0.931592560172672,NA,-1.42407290639099,1.22660531270976,-2.13311211526793,NA,-1.81940142888941,NA,-1.73007938336102,NA,-1.39619803329456,-1.38238294560101,NA,NA,-0.272761409686946,-1.38657265973045,0.430919212113846,NA,0.498643349493268,-0.106053878666458,NA,0.500904852906821,0.134293338589043,NA,-0.418994405826524,1.50786548669336,-0.927159162363532,NA
0.371575524483186,0.6928594355316,2.13725035660032,0.750310127615175,NA,NA,-1.98761338056366,NA,1.59062945598817,NA,-0.256700431336456,0.971623720991641,NA,-0.469659883276521,-0.180438968999916,NA,NA,NA,1.8200653360316,NA,1.92429522517217,NA,2.18585818837274,0.957839347897363,NA,NA,1.83831916750429,1.09360821166862,1.9909010419639,-2.5747096583927,NA,NA,-0.0833899904236357
NA,NA,0.228894589667125,NA,NA,-0.0277145543167592,NA,-0.235078629807363,NA,NA,NA,NA,-0.0479890435118252,NA,-0.503991966489789,-0.375057405855074,NA,NA,0.0389954905049056,0.182019231515017,0.180210183078027,-1.47057125621164,NA,NA,1.56117228539513,NA,-0.618103867929516,NA,NA,-0.759447503822383,1.0989503002506,NA,-0.274430628746012
NA,NA,0.128230666561416,0.350286923276341,-0.145849791266488,0.227286944219209,NA,NA,NA,NA,NA,0.36183174761729,NA,0.481145513962713,0.0208410933920406,NA,-0.264916382031357,0.613647316183457,NA,NA,NA,0.499201728516268,0.368311280146329,NA,NA,NA,NA,0.683088299640384,0.0742308348878672,0.344183266077582,NA,NA,-0.183208617553316
0.371575524483186,0.48162447813749,NA,0.611069371952574,NA,0.75492498001932,-0.201535943104803,NA,-0.655819967032748,NA,-0.489653514661955,NA,NA,NA,NA,NA,NA,0.855444825704836,-0.0980042087752087,0.817259348406645,NA,0.939983133242101,NA,0.65373367113325,-0.0168964472304641,0.546439744733379,NA,0.840474392016642,NA,0.762274676613654,-0.234006995816049,NA,NA
0.371575524483186,0.591117219128175,NA,0.592586394127224,0.501503826240923,NA,0.654876901713495,0.54229920710598,NA,NA,1.16914665437254,NA,NA,-0.00606063253599648,NA,NA,2.02305073413812,NA,NA,-0.978598639216212,NA,-0.985031254028959,1.83941378575518,-1.66036401514332,NA,NA,1.2481261739284,-1.84530973636348,1.06104802857788,-2.21729955760961,0.838653448376326,-2.14903622994016,NA
NA,NA,0.333481066000066,NA,NA,NA,-0.207756262320886,0.019272686666258,-0.537916172795828,0.0964229411814458,NA,0.13338134449312,NA,NA,-0.260825585818136,0.256095417763043,0.352789375891219,0.11211557712436,0.188939172139615,0.220564786376202,NA,0.344401711562338,NA,0.0274582259946545,0.215957363604479,-0.187874826430028,NA,0.280688830941696,0.52363234818764,-0.205081065355737,NA,0.108951729790888,NA
0.371575524483186,0.585470137644059,0.760411759252001,-0.150965860839219,NA,-0.616968757264824,1.14041422658589,-1.8689319265146,0.875237739218921,-2.230004911761,NA,NA,-0.233501299848589,-1.42407252377474,-0.830032225394475,-1.25711327483071,-1.18509320724926,-0.726948399688274,NA,0.172730137746907,NA,0.66486379663433,-0.538127216261321,NA,0.154296899041356,0.0618792769447111,0.617856507745518,NA,NA,NA,NA,-0.986403931710587,NA
NA,NA,-0.0490463247196026,0.744596256996216,-0.115233188188256,NA,NA,NA,-2.48556049170137,0.713430979638889,-0.0949459403438866,0.796808708971037,NA,0.779587817010095,NA,0.599067068422403,0.409761736579542,1.01870147751878,NA,0.439536342715275,0.353906999789779,0.485782043211746,0.533895399469138,NA,NA,NA,NA,0.104471710499513,NA,-0.085050245847445,NA,1.3836207800565,2.04448524150303
0.371575524483186,0.611450502458567,NA,0.111297316503512,NA,NA,-0.546931061955927,0.976629239800056,-0.275042683069329,0.730711565070242,-0.342376675692904,0.72227975732176,NA,NA,NA,NA,-0.340900149362688,NA,-0.411351838595702,1.0111085088071,-0.463613498844041,NA,-0.5737056396053,0.957839347897363,NA,NA,NA,0.768580467021461,-0.434447925913367,0.866774082064615,-0.612874413354328,NA,NA
NA,0.572887378900927,NA,0.0667535141477924,0.720901008270906,0.752447169967502,NA,0.904023872419339,NA,NA,NA,NA,-0.0646434073576072,NA,NA,0.722989479649473,NA,0.823378489316696,-0.290836356160328,0.757892833820183,NA,NA,NA,NA,NA,0.561883903069272,NA,1.06812682053108,0.214641854680516,NA,NA,NA,NA
0.371575524483186,0.557746378545864,NA,0.335148650203552,1.13839022902073,NA,NA,-0.426628070729536,1.49265823059546,-1.1628081368127,NA,NA,NA,-1.54646004717356,1.18839086340395,NA,NA,-1.94981794716976,NA,NA,-0.444985688878845,-1.63148117694539,NA,NA,-1.21562572895377,NA,-1.4246512869835,-0.519804871414587,NA,-0.128774552813194,NA,0.592267399962717,NA
0.371575524483186,NA,NA,-2.7337573229691,-2.4019052789194,-2.97034628554347,-1.98761338056366,1.03195292993335,NA,NA,1.21657205487298,NA,-2.29979954374214,NA,1.90969667369953,NA,NA,1.01870147751878,1.8200653360316,0.489563552215962,-1.8313116226495,-2.04245509243012,-1.77169724477278,0.652965366544481,0.98498224646986,NA,NA,NA,NA,NA,NA,NA,NA
NA,0.6928594355316,NA,NA,-0.0788160036151448,NA,NA,0.606924122883743,-0.781692712617401,NA,-0.728534773050009,0.311165999636973,NA,NA,NA,NA,-0.352529686615027,0.169175703699202,NA,-0.562480712616653,NA,NA,-0.83927739694653,NA,-1.02617360539874,NA,-0.847589276689604,NA,NA,NA,-1.15400759266332,-0.655693741778556,NA
0.371575524483186,NA,0.250166035453657,0.578057832858288,0.547167050490082,0.553544839635985,NA,0.506619705533801,0.875013548771798,0.137846309361257,NA,NA,1.48474966784354,-0.0870181299813772,1.59207966143492,NA,1.85904126728509,NA,1.44666279092775,-1.10077951220217,1.56289317820629,-1.06100246071762,1.62538918793067,NA,1.41654615244005,NA,NA,-1.73977897499032,0.634345937436402,-2.03784419736022,NA,-1.8161426197492,NA
NA,NA,0.525753417904046,-0.604608863242545,0.106584537247484,NA,NA,-1.39974090010506,NA,-2.70044070439842,1.6966735794969,NA,NA,NA,-0.235075114700079,NA,NA,-1.45949085460923,NA,NA,-1.51221648682433,1.02225369809135,-1.65530553948397,NA,-0.590554391364565,0.324558669974371,NA,NA,0.133174843894777,NA,NA,NA,NA
0.371575524483186,NA,NA,0.750310127615175,1.95943419091427,NA,NA,1.03195292993335,-1.46651300477898,0.873620398260041,1.6966735794969,0.971623720991641,NA,NA,1.90969667369953,-0.639175193337214,0.0965684008955279,NA,1.8200653360316,NA,NA,NA,-1.77169724477278,NA,NA,0.795513569705228,NA,NA,NA,-2.21127832100043,NA,1.3836207800565,NA
NA,-0.651202807501686,0.120497633056301,NA,NA,NA,0.379561696523456,NA,0.0888795554603931,NA,NA,-0.615089932488839,0.0303029969493017,-0.56605090251352,NA,-0.741030111929876,NA,-0.612951954787194,0.00215492534182775,-0.732328863173017,0.0412339516743864,-0.509074485940214,0.183810045853085,-0.860273057457059,NA,-1.05936661824118,0.0593251374103279,-0.661387601018049,0.00617177294174443,NA,-0.00940041136047779,-0.56020809509811,-0.0971573431742013
NA,NA,NA,0.731478743044767,NA,-0.668325242166966,-0.320726422361423,-0.82829219896024,-0.447465517856597,NA,-0.172576804258296,0.971623720991641,-0.6467609486273,NA,-0.0335651373874258,NA,NA,-0.52890163001693,-0.0238067942525735,1.0111085088071,-0.349367938533306,1.11511792039865,-0.616526389391934,-0.828915509706118,NA,0.795513569705228,NA,-0.6564873334916,NA,NA,-0.497466770732902,NA,NA
NA,NA,-0.0536861448226713,NA,NA,0.775908933895657,-0.204091031734639,NA,NA,0.818865782167313,-0.309227288608413,NA,NA,NA,-0.188904018352848,NA,0.0417404938849417,1.01512651434037,NA,0.903723237426568,-0.0468538069412708,1.01746997497692,NA,0.905165814695213,0.174731695285727,0.725922927679801,NA,1.048088226539,NA,0.985679436786144,NA,NA,-0.066175479797349
0.371575524483186,0.6928594355316,-0.228138897780083,NA,NA,NA,NA,-0.156539080465475,NA,0.873620398260041,-0.83816568398576,NA,NA,1.05238368591657,NA,0.970415808443151,NA,1.01870147751878,-0.814127266734977,-0.662602080041581,NA,1.11511792039865,NA,0.957839347897363,-0.286722798414613,0.795513569705228,NA,1.09360821166862,NA,1.07132730705882,NA,NA,-1.48640452459449
0.371575524483186,NA,-0.179633725301625,0.750310127615175,-0.210659295788217,NA,NA,NA,-0.423049140069936,NA,-0.211916496595182,0.751067114128759,NA,0.361238921581681,NA,NA,-0.18476742582596,0.640080377260167,NA,NA,-0.46994169638262,0.221287939792144,NA,0.198968824776013,-0.532850324912647,0.0413973812468712,-0.303047925925884,0.097803846472453,-0.309718717629041,NA,-0.462987004725553,NA,NA
0.371575524483186,NA,NA,NA,NA,NA,NA,0.561422527031006,0.549285210051927,0.401558407820912,NA,0.2909693961508,1.00997632034411,NA,1.20400417665491,NA,NA,NA,1.24612325803805,-0.536822729289603,NA,NA,NA,NA,NA,-1.34747371481672,1.1460060435978,-0.94016032040662,1.12457896745097,NA,0.871981285621255,-1.21860677728241,0.713818465217691
0.371575524483186,NA,-0.10420863038942,-1.57830119365733,NA,NA,-0.225483291021679,NA,-2.48556049170137,0.821403365550201,0.313130273656066,NA,-1.45699781602284,-0.929941079036205,1.18995846513597,NA,NA,NA,NA,-0.662602080041581,0.0464918012613367,NA,NA,-0.828915509706118,0.262781335250584,NA,-1.66795140178659,-0.6564873334916,NA,-0.721031639100867,1.21728657531886,-0.565861593982824,-0.0833899904236357
0.371575524483186,-0.315561508016221,0.149255551859379,NA,-0.206734090265366,0.0384894330052639,NA,NA,-0.732167004752973,NA,NA,0.424027589560832,NA,0.563031457985302,-0.249956880476099,NA,-0.182313675944704,NA,-0.109657480638605,0.139004869381606,-0.319905202812145,0.337976050481231,-0.0605492143664855,-0.0880733430979866,NA,NA,-0.115637763997287,NA,-0.0258191225352349,NA,NA,NA,-0.177761256959584
NA,NA,0.524430957101721,NA,-0.167220354668673,0.901231920422785,NA,NA,NA,NA,NA,0.971623720991641,NA,1.05238368591657,NA,NA,-0.410636133382922,NA,NA,1.0111085088071,NA,1.11406013343935,NA,0.957839347897363,NA,NA,0.0470707217706563,0.861668049068532,0.488583499466537,NA,-0.420834221707509,1.00064496767647,-0.239341966171541
0.371575524483186,0.6928594355316,-0.952331881886596,NA,NA,0.221092419089662,-0.65410381400187,0.780559403214671,-0.0618783297549046,0.873620398260041,-0.864681160881202,0.234531025568658,NA,0.47647284020529,NA,-0.117152639639806,-0.34927176660462,0.582788110219195,-0.349545244788576,0.377809896198536,0.147987076323717,NA,0.474492492417623,NA,-0.325337243979969,0.0790333242392219,-0.30336349027712,0.366933539407191,NA,NA,NA,0.435217099910109,-0.600974361837479
NA,NA,NA,NA,-0.462352196592318,0.748304581287118,-0.515353690751335,0.814434467011824,-0.794675377600792,NA,NA,NA,NA,0.780181414002081,-0.931299297283263,NA,NA,0.635561376186162,NA,0.518284425920606,-0.838948847215338,NA,-0.783990347545487,0.266311615359088,NA,NA,NA,0.221693110114345,-1.14259932910047,0.078573576401474,-1.11113241364172,0.256605524800626,NA
0.371575524483186,0.6928594355316,1.32019372666282,NA,1.95943419091427,NA,NA,-1.44836770777434,NA,NA,NA,NA,NA,-1.99170345246962,NA,NA,NA,-2.07650473755264,-1.25306102734913,NA,-1.69115237508879,NA,-0.452505504465218,NA,-1.71541772035168,-0.689423868388179,-1.66795140178659,1.09360821166862,NA,NA,NA,NA,NA
NA,0.521021398961241,0.0928380291568478,NA,0.147035960830192,NA,0.0669950612404991,NA,0.941577730617568,NA,NA,NA,0.649613906609078,NA,0.782820943294549,NA,1.11967900264478,-0.0392554828237074,NA,-0.0295377869154559,1.06918110199165,0.030081106000298,1.31175291985389,-0.384799722300197,1.38099791541088,NA,1.0775461107324,-0.435362761360607,NA,NA,1.08413142006964,NA,1.35801141293117
0.371575524483186,NA,NA,0.735502840950191,-1.82121473520839,NA,-1.94267906328034,NA,NA,0.873620398260041,NA,0.409361188829687,-2.0188243085375,1.05238368591657,-1.38299851102704,0.970415808443151,NA,NA,-1.66396793158295,0.954219085892133,-1.8313116226495,0.64337651228203,-1.27494488680435,NA,NA,-0.0543380145328895,-1.28201620022474,0.761440077197207,-1.9295518351169,1.07132730705882,NA,NA,-1.70295838694766
NA,0.644859242916611,0.189019034288577,0.647878544567997,NA,NA,0.342768420253819,0.827493387816657,NA,NA,NA,NA,NA,0.594948711631281,NA,0.303208146385154,NA,NA,1.27424230802488,0.0779311699945179,1.32638383696472,0.0934693842328356,NA,NA,NA,-0.733954524923339,1.46211386677222,-0.525282670470939,NA,NA,NA,-0.76644383544773,NA
0.371575524483186,0.6928594355316,NA,NA,-1.93325754618842,NA,NA,NA,-0.133313558588164,NA,NA,0.943139388993137,NA,1.05238368591657,-0.0422810030174825,0.902845178188411,-0.294258281871922,NA,-0.312059324379899,0.967592033497034,0.116496312904733,1.10918168313453,0.389959108365635,0.957839347897363,0.237994501083888,NA,NA,NA,NA,1.07132730705882,NA,NA,NA
0.371575524483186,0.6928594355316,0.044960465194747,NA,-0.622217094859071,0.901231920422785,-0.706897231484548,1.03195292993335,NA,0.873620398260041,-1.1534679746428,NA,NA,NA,-1.41397432125185,0.797062857551405,NA,NA,-1.33290069059043,0.51979076545057,-1.38664777186741,NA,NA,NA,-1.5003479190266,NA,-1.43127813835946,0.0488536740743218,NA,-0.22303222870461,-1.73036245819952,NA,-1.98056098970482
NA,-1.70747234416157,0.792374964406475,NA,NA,-1.37870176928869,-0.303792352200924,NA,-0.587666071107379,-0.833690720174391,-0.2677905547528,NA,NA,NA,-0.183908594166797,-0.64067211296887,0.0783611643816702,NA,-0.0266279186119083,NA,NA,-0.465468402633049,NA,NA,NA,NA,NA,NA,0.0307726147454265,-0.804447337546464,NA,-0.566017552572747,NA
0.371575524483186,NA,-0.434913489329886,NA,NA,0.0761405310582857,NA,NA,NA,0.609961910716926,-0.385829795624216,NA,-0.233501299848589,NA,NA,NA,NA,NA,-0.340510271350184,NA,NA,1.11511792039865,NA,NA,-0.418233471631052,NA,NA,NA,NA,-0.281687701841417,NA,NA,-0.222914769381067
0.371575524483186,0.467412024737869,-0.123417933907922,NA,-0.274989052968263,NA,-0.257589301253134,NA,-0.707424531770497,NA,-0.540143821997456,0.802732843977108,-0.209139643553084,0.912081709708354,NA,NA,-0.0293976329245815,NA,-0.0672852990846744,NA,-0.227235603842145,0.844371822413645,-0.038940961701511,0.781647451389084,-0.12310595452575,0.579387282516619,NA,NA,-0.221449721101567,0.854187634199313,NA,1.22272999972703,-0.441447555699937
NA,0.6928594355316,-0.0659020963017654,NA,NA,0.901231920422785,-0.286030080898341,NA,NA,NA,NA,NA,NA,NA,NA,0.970415808443151,NA,0.992546985001424,NA,1.0111085088071,NA,NA,-0.174269569737922,NA,NA,NA,-0.269703292811928,0.999085551274513,-0.304974969647773,1.00447469872509,-0.431377298516098,NA,-0.579099804453273
NA,NA,-0.900509350107394,0.750310127615175,0.549369526922348,0.424563211704219,-0.235421704726696,0.706763478951462,-0.0528699499705107,-0.0165352599680748,NA,0.456133068020847,-0.101444179081351,0.591767640571667,0.126016718932677,NA,-0.783255579636514,0.649257663687853,NA,0.457394834698291,NA,NA,NA,NA,0.169825761627834,NA,-0.100140048081021,0.267913133462026,NA,NA,-0.229438329198994,NA,NA
NA,NA,NA,NA,-0.221235544002563,-0.389300600862978,-0.460428095860311,NA,-0.209680977258127,NA,NA,0.542343626037595,-0.0613166671849386,0.595770615158645,-0.319788312298687,NA,NA,0.115938156799973,NA,NA,NA,NA,NA,-0.382226795305248,NA,NA,0.180536910990713,0.0435508845724863,NA,NA,0.0741827586720587,NA,NA
0.371575524483186,NA,0.200226329223526,-0.202042289664785,0.145291425042258,NA,NA,NA,NA,0.0241018147691519,-0.655198811476838,0.174183634956935,NA,0.375348265468101,NA,NA,-0.365540746909755,NA,NA,-0.0772218015917548,NA,-0.0187191849129706,-0.206147678751909,0.0953906456807389,0.199953733244656,NA,NA,NA,NA,0.523563595341186,-0.0273626903677036,0.205334138363392,NA
NA,-1.20213435108462,-0.10420863038942,NA,-2.4019052789194,NA,1.5366467985203,-2.68853732785383,NA,-2.70044070439842,NA,NA,-2.29979954374214,NA,NA,-2.24876619511758,-1.96540628923558,NA,1.8200653360316,1.0111085088071,NA,NA,2.18585818837274,NA,NA,NA,-1.66795140178659,-2.40658287865182,NA,NA,-1.9433130855167,NA,-2.21126522235031
NA,NA,-0.0845734496633899,NA,-0.202852498137214,NA,NA,NA,-0.505428938912742,NA,-0.390487647459081,NA,-0.259763950528476,NA,NA,NA,NA,NA,NA,NA,NA,NA,NA,NA,0.17322826400347,0.780584216647197,0.024297494423112,1.04145536442284,-0.0178998077235317,NA,NA,NA,NA
0.371575524483186,NA,NA,-0.571231497065947,NA,NA,-0.347017403297389,NA,NA,-0.848201408251185,NA,-0.517637154076937,-0.282741187000572,-0.4583815404288,NA,-0.634652242622211,NA,-0.527694499593052,-0.0334502454939597,NA,0.0408771690238433,NA,0.20379570079047,-0.829469403711975,NA,-1.04353635594689,0.0843423779222183,-0.656802350689729,0.0302041490782498,NA,NA,-0.566017552572747,NA
0.371575524483186,0.378802115275694,NA,-0.0503285725290922,NA,-0.795951817726644,1.34989625163064,-1.44628423322998,1.25593349938339,NA,NA,-1.85593106955344,0.21920398240605,NA,NA,NA,NA,NA,-1.64248682126514,-0.454409219894694,-1.62595504021061,0.343233409547591,NA,0.585175887247005,NA,NA,0.238022216974237,0.508936291941491,NA,-0.100244020468748,NA,NA,NA
0.371575524483186,0.6928594355316,NA,NA,1.43893013188697,0.650740810496768,NA,NA,-0.64974644401069,0.763610797520214,0.647951181525875,0.448178666797861,NA,NA,-0.162066676700587,0.931994871230654,-0.937017032279591,NA,-0.475500150008288,NA,-0.312074762534437,NA,-0.0365466406644579,NA,NA,0.664789800933555,-0.0419008939250997,NA,-0.50617261129956,NA,NA,NA,NA
-2.6706990822229,NA,NA,-2.7337573229691,NA,NA,NA,-2.68853732785383,-2.48556049170137,-0.913410153069188,NA,NA,-2.29979954374214,NA,-0.833606357343491,-2.24876619511758,NA,1.01870147751878,NA,1.0111085088071,NA,-0.463668586015737,0.20708047179998,NA,NA,-2.88166698645996,NA,-0.6564873334916,0.0306746034234994,NA,NA,-0.565861593982824,-0.0833899904236357
NA,NA,0.0174129342446431,0.750310127615175,NA,NA,1.5366467985203,NA,NA,0.582709694809156,NA,0.971623720991641,NA,NA,NA,0.670951402561914,0.192470843733526,0.874743436455806,NA,NA,NA,NA,-1.77169724477278,0.611566256493808,0.339456330645728,NA,1.34065665425199,NA,NA,1.07132730705882,NA,NA,2.04448524150303
NA,NA,0.525237882337038,0.410369666461667,0.930616016677858,NA,NA,-0.177931899447752,1.19342512653557,NA,1.50316100781207,-0.846752398583053,1.61242623633372,-1.07436779331694,NA,-1.58617805923469,1.39287002934025,-1.70980018122205,NA,NA,0.401171311969615,-1.74749040943672,NA,NA,-0.269017916866973,NA,-0.7289370806248,-1.46891668746588,-1.17380613400204,NA,-1.37388931677134,-0.740086833750719,NA
0.371575524483186,NA,NA,NA,-0.0758502927756579,0.320495189527846,NA,0.473879391265274,NA,0.218369906004152,-0.319712496202048,0.66859891249692,-0.233501299848589,NA,-0.180438968999916,NA,0.302765869908639,0.5028389336839,NA,NA,-0.0160953868576114,0.74673966485698,NA,0.302689944259895,NA,0.16914263376805,NA,0.39356999360453,0.292031594474091,0.321017449216707,0.33451865897896,NA,NA
NA,0.6928594355316,2.13725035660032,NA,-0.221235544002563,NA,-1.98761338056366,1.03195292993335,-2.48556049170137,NA,1.6966735794969,0.971623720991641,1.83279694404497,NA,NA,0.970415808443151,NA,NA,1.8200653360316,NA,-1.8313116226495,NA,-1.77169724477278,0.957839347897363,-1.71541772035168,0.795513569705228,NA,NA,NA,-0.804447337546464,NA,1.3836207800565,-2.21126522235031
-2.6706990822229,-1.20213435108462,-0.10420863038942,-0.991723597676964,-0.221235544002563,-1.03455718256034,-0.225483291021679,NA,1.59062945598817,NA,1.6966735794969,-0.543500321481961,-0.233501299848589,NA,-0.180438968999916,NA,NA,-2.07650473755264,-1.86767892453675,NA,NA,NA,0.20708047179998,NA,NA,NA,-1.66795140178659,NA,NA,1.07132730705882,0.00910854570348965,NA,-0.0833899904236357
0.371575524483186,NA,NA,0.404533853481938,0.00289369135218899,NA,0.0435234884477999,0.205632043678818,-0.340424769830269,0.873620398260041,0.108265448365053,NA,0.364774693688351,NA,0.507738191358876,0.160340849067129,0.453021965578492,0.466717877154017,-0.0762649563591583,0.298091060851673,NA,NA,1.09499760878051,NA,NA,NA,NA,-0.438197916143766,NA,-0.14661316968339,NA,NA,NA
NA,-1.20213435108462,NA,NA,NA,NA,-0.225483291021679,NA,NA,0.198033498330026,NA,NA,-0.233501299848589,-0.469659883276521,-0.180438968999916,-0.0503063253358676,NA,0.339272761248451,NA,NA,0.0464918012613367,NA,NA,NA,NA,0.795513569705228,0.277608011701531,NA,NA,-0.804447337546464,0.00910854570348965,-0.565861593982824,NA
-2.6706990822229,NA,2.13725035660032,NA,-2.4019052789194,NA,1.5366467985203,NA,NA,0.873620398260041,NA,-2.05862436395556,-0.62093222057863,NA,1.90969667369953,-2.24876619511758,NA,1.01870147751878,-1.86767892453675,NA,-1.8313116226495,NA,2.18585818837274,0.957839347897363,NA,0.795513569705228,NA,1.09360821166862,1.9909010419639,NA,0.00910854570348965,-2.51534396802215,NA
NA,NA,NA,0.687927899912463,-0.606647112951765,0.650043926419694,NA,NA,-0.999177827276376,0.503186835275005,-0.902629546825856,NA,NA,NA,NA,NA,NA,-0.109965468807014,-1.35340454867919,0.0153511310774656,NA,0.0653669844186595,-0.974071734999467,NA,-0.995373046103013,NA,-0.959491901908522,NA,NA,-0.838961591007201,-1.04664392716252,-0.711234494614937,NA
NA,NA,0.86992944535632,-0.120706735030895,NA,-0.842604335108537,1.42140349066426,-1.53079516943562,NA,NA,NA,-1.96592907503703,0.167546526308712,-1.78940864168816,-0.713987894511802,-1.65110896024651,NA,NA,NA,-0.390707794883113,-1.57777060435306,NA,-1.11628648948955,0.509274540896009,NA,0.389865396651865,0.224260104989771,NA,NA,-0.214797578014793,NA,-0.57408840960127,1.39354692930435
0.371575524483186,0.153184155041167,-0.118710870035244,0.169638025963546,-0.312976319750514,0.187061246659219,NA,0.622587386869027,NA,NA,NA,NA,0.0941722756680514,0.44651902276357,NA,0.235943338420752,0.00314032768568738,NA,NA,NA,0.326040396978942,0.154568422031072,0.636138844084452,0.107826459489659,NA,NA,NA,NA,NA,NA,-0.199410084510827,0.0271904390236785,-0.193571369932799
0.371575524483186,NA,NA,NA,NA,NA,-0.191051269072029,1.01874518951821,-0.414876379224819,NA,NA,NA,-0.160106386225489,1.05238368591657,NA,0.936115424195211,0.140509081542222,NA,NA,NA,NA,NA,NA,NA,NA,0.750284248864396,0.198734455245333,1.00346079013741,NA,1.05467042821473,0.130490598516449,1.36283929794924,NA
NA,NA,-2.34566761737916,-2.7337573229691,NA,NA,0.890244617773617,-0.76290458267963,-2.48556049170137,NA,NA,0.971623720991641,NA,NA,-2.27057461169936,-2.24876619511758,NA,0.768608815341007,NA,1.0111085088071,NA,NA,-1.77169724477278,-1.16582600565583,2.24098039085285,0.795513569705228,-1.66795140178659,-2.40658287865182,NA,NA,NA,1.3836207800565,0.631810153779237
NA,-3.09712813770084,-2.34566761737916,0.750310127615175,NA,0.901231920422785,NA,NA,1.59062945598817,NA,-2.33609857190099,-2.05862436395556,NA,NA,NA,NA,NA,NA,-1.86767892453675,1.0111085088071,NA,NA,NA,0.957839347897363,2.24098039085285,0.795513569705228,-1.66795140178659,NA,NA,NA,NA,NA,-2.21126522235031
0.371575524483186,-1.16470822379895,-0.0884063445311423,NA,-0.23968400995996,-0.993595885141222,-0.205606463611645,NA,-0.358360005600103,NA,-0.316869391835312,NA,NA,-0.499720243768085,-0.0536722422701945,-0.705007465310031,0.151829322591042,NA,NA,-0.589427453097117,-0.00118562767175935,-0.434713641488097,0.20708047179998,NA,0.237677989234992,-1.00935696267733,NA,-0.646616794616897,NA,-0.836204202279632,-0.0377105250131706,-0.552117743245847,-0.0833899904236357
NA,0.00717488378238729,2.13725035660032,NA,NA,NA,1.5366467985203,NA,NA,NA,1.6966735794969,-0.633210816036823,NA,NA,-0.0750125271821558,NA,-1.96540628923558,-0.30830628306879,NA,-0.115717145135275,-0.777112780465954,-2.04245509243012,NA,NA,NA,NA,NA,1.09360821166862,NA,-0.417775152307531,NA,NA,NA
-2.6706990822229,NA,-2.34566761737916,NA,1.95943419091427,0.901231920422785,1.5366467985203,NA,1.59062945598817,0.873620398260041,NA,NA,-2.29979954374214,NA,NA,0.970415808443151,NA,1.01870147751878,-1.86767892453675,NA,-1.8313116226495,NA,-1.77169724477278,0.957839347897363,NA,0.795513569705228,1.83831916750429,NA,NA,NA,1.96153017692368,1.3836207800565,NA
NA,0.6928594355316,-0.28762721929479,NA,-0.468218198179244,0.886636070586292,-0.75063330030698,NA,-1.12156543045575,0.813969318456671,NA,NA,NA,0.929159038554701,NA,0.537178294403948,-1.24833397099559,0.525495843178223,-1.19547690072035,0.717372300464156,NA,0.465115727842782,-1.27274844353896,0.368799873991223,NA,NA,-1.41670958414405,NA,-1.6138181626612,NA,NA,0.00379665053520666,NA
NA,NA,NA,-1.87483017437656,1.95943419091427,NA,-1.98761338056366,NA,NA,NA,NA,-0.180506903386136,NA,1.05238368591657,1.90969667369953,-0.639175193337214,0.0965684008955279,NA,1.8200653360316,1.0111085088071,1.92429522517217,-0.463668586015737,0.20708047179998,NA,2.24098039085285,-0.430219410984095,NA,NA,NA,0.504693302416457,-1.9433130855167,NA,NA
0.371575524483186,0.6928594355316,NA,NA,-0.15708024040131,NA,NA,1.03195292993335,-0.482255799060127,0.873620398260041,-0.556153927438506,NA,NA,NA,-0.318346118705225,0.474178902594264,NA,0.488353368597366,NA,NA,NA,0.812811880150422,-0.419281826603961,NA,NA,0.290434434413158,-0.426275805083612,0.622727504287808,-0.725502347507846,0.215148728275185,NA,0.685842553916605,-0.92362408325452
-2.6706990822229,0.6928594355316,-2.34566761737916,-0.991723597676964,NA,-1.03455718256034,-0.225483291021679,1.03195292993335,1.59062945598817,NA,NA,-1.63249572700986,1.83279694404497,-0.469659883276521,NA,NA,2.15854309102664,NA,1.8200653360316,-2.33631266889026,NA,NA,1.32014293737216,-2.6156703673096,NA,NA,1.83831916750429,NA,NA,NA,NA,1.3836207800565,NA
NA,NA,0.799816608243281,NA,NA,NA,1.02050127399256,0.734499733823266,NA,0.825567146734798,-0.158784723500515,0.908352140977943,-2.00487679539122,0.930041823824833,NA,NA,-0.0107780014726976,NA,0.310579416574462,0.985735056280154,-1.26034671357517,NA,-1.48982035904699,-0.317832150237218,-0.331924646835125,NA,0.384549264064903,NA,0.867240440599387,0.841676217319796,NA,NA,NA
0.371575524483186,0.6928594355316,-0.0251075427385522,0.750310127615175,NA,0.901231920422785,NA,1.03195292993335,0.0634441301868104,0.873620398260041,NA,0.971623720991641,0.564978330539198,1.05238368591657,NA,0.970415808443151,1.45130639205857,NA,0.969044593020245,1.0111085088071,1.19696562498879,NA,NA,0.771891769866569,NA,0.602498362312117,NA,0.841786963675513,NA,0.590922662828962,1.68059622840741,NA,1.53032674921259
NA,0.66358178152838,-0.165534948273459,NA,-0.31073022992355,0.901231920422785,NA,NA,-0.417790855037417,0.789236815626275,NA,0.948896860354537,-0.38760582287817,NA,NA,0.92850205875679,-0.0999790265677693,NA,NA,NA,NA,NA,NA,0.910526079268023,NA,0.733975953097803,-0.141180945094571,0.979309471614202,NA,1.01753009025154,-0.298495482295252,1.32080845796495,-0.48343053402585
0.371575524483186,0.6928594355316,NA,0.750310127615175,-0.435682605734285,0.901231920422785,-0.360268621570745,1.03195292993335,NA,0.873620398260041,-0.542986926364192,0.971623720991641,-1.04946181337971,NA,NA,0.843644421142929,NA,NA,-0.660569595724911,0.87207337019144,NA,1.05291373204592,-0.72029349284901,NA,-0.535857187477163,0.477088119444103,NA,0.669805074452618,-0.718739566294881,NA,-0.783086531164104,0.883656530410375,NA
0.371575524483186,NA,NA,NA,NA,0.635041560871575,NA,NA,-0.447465517856597,0.32126712514969,-0.228067749061531,0.658644547537869,-0.0591883799937282,NA,NA,NA,0.621444058268401,NA,NA,0.520276141521336,0.283245256948014,0.619442108844788,0.474076949097143,0.503020898894397,NA,NA,NA,NA,NA,0.334429237925635,NA,0.581213834901914,NA
0.371575524483186,0.585432237768327,0.343164168823862,0.682928263120875,0.668543127935553,NA,NA,0.22622495725567,0.996117152117655,NA,1.35852563460218,NA,1.61560833562931,NA,1.77764190379378,-1.03742019899771,1.82736933604468,-1.19144599638404,1.36931235506233,-1.50365838804393,1.22130195736267,-1.49801056569312,1.20493849871329,NA,NA,-2.4605746550707,0.359006082967619,-1.97616438027511,-0.0555557576078928,NA,-0.340784934827481,NA,NA
NA,-1.03734569140047,-0.0888322217386704,-0.748553109963434,-0.311057330383788,NA,NA,-0.594161747037693,-0.573379025340727,NA,-0.342779952908044,-0.356276443553498,-0.07274329647367,NA,-0.462628182120767,-0.171395856399805,NA,NA,0.111219961848137,NA,NA,-0.286639255051492,NA,-0.559061923562264,NA,NA,NA,NA,-0.0994060230380416,NA,NA,NA,-0.229468625095402
NA,NA,0.753485650982203,NA,-0.591164357833855,0.901231920422785,-0.360339106774327,0.997556997500109,NA,0.341389089157656,NA,NA,-0.190005721814629,1.02519998777079,-0.12845729556598,NA,NA,NA,0.118484818041456,NA,0.0500784058010064,NA,NA,NA,NA,0.795513569705228,NA,0.667249934956684,NA,1.07132730705882,-0.356970510150297,NA,-0.205530028736227
NA,NA,0.748150978593167,NA,1.28804959292808,-0.427745372448223,NA,-0.901455639879625,NA,-1.66705454748126,NA,-1.61258699709176,NA,-1.70326097567183,NA,NA,NA,-1.57313135079557,-0.726358953333451,-1.30420229717083,NA,-0.669116074095441,NA,-0.551039394251625,-1.051158259471,NA,NA,NA,NA,0.250469564833102,NA,NA,0.270794841930558
NA,NA,NA,NA,NA,NA,0.109991035425323,NA,0.481437028372634,NA,NA,NA,0.95065289776193,NA,0.595314874787982,-0.394275922416332,NA,NA,NA,NA,0.851787799605497,NA,NA,NA,NA,-1.40969160982703,NA,-1.07357010381418,0.60974509563272,-1.30404115639064,0.475659218699867,-1.03073516089624,0.579528259330799
NA,NA,NA,NA,0.134955050498753,0.797009035118173,0.362134229937885,0.87865012886123,0.0133477557297059,NA,NA,NA,0.73557191355505,0.763362832562497,NA,0.623919153489892,1.09272899344477,NA,1.02677622941944,0.283931469270013,1.1369510275606,0.413915681439763,1.48774540996587,0.0342836295506997,1.35545936560305,-0.246654557620329,1.29710877378139,-0.0319832391566286,NA,NA,1.31418526087632,NA,NA
0.371575524483186,-0.252515064735499,NA,0.0730770965706029,NA,0.105158009712003,-0.197764984713183,NA,-0.397083810103154,0.279289777498966,NA,0.54261634836524,-0.331009913977925,0.54275783764365,-0.161648649572048,NA,NA,0.472691625149105,-0.160548351434448,NA,NA,NA,NA,NA,0.36058349655956,-0.0026552418159877,NA,NA,NA,0.219856922633144,0.215323318392967,NA,NA
0.371575524483186,0.6928594355316,NA,NA,-0.146656639068408,0.901231920422785,NA,NA,-0.268846874348841,NA,0.0765275315335515,0.971623720991641,NA,1.05238368591657,0.086784872919208,0.970415808443151,NA,1.01870147751878,0.475642849677502,1.0111085088071,NA,NA,NA,0.957839347897363,NA,NA,NA,1.01665651054792,NA,1.07132730705882,NA,1.3836207800565,NA
NA,0.468852220015697,0.870624297642286,0.0460581534913218,1.4721635386471,NA,1.44038163172862,-1.27666708237746,NA,-2.0307688755933,1.11710372975875,NA,NA,NA,NA,NA,-0.825278623821386,-1.25550128900494,NA,-0.83393983302202,-1.49738183977543,NA,-1.32785740294551,NA,-0.843229756736643,0.283411019550883,NA,0.611946915729621,0.218836739258993,0.286071767587711,NA,0.1115640361721,NA
0.371575524483186,NA,-0.483015199190685,NA,-0.188242010913272,NA,NA,0.437883648021183,NA,-0.294829527726576,-0.206915859127449,NA,-0.142728817994345,0.566867007779668,NA,NA,0.21393600025779,NA,NA,NA,0.175234004004663,NA,NA,NA,0.620142994645134,NA,NA,NA,NA,NA,NA,0.499179616602339,0.115481228752231
0.371575524483186,-1.20213435108462,-0.10420863038942,NA,0.0598309781308676,NA,-0.260725892812518,-0.82829219896024,NA,0.873620398260041,NA,0.971623720991641,NA,NA,-0.291905902825077,0.970415808443151,NA,-0.52890163001693,NA,1.0111085088071,-0.0286203356950966,1.11511792039865,NA,NA,NA,0.795513569705228,NA,NA,NA,1.07132730705882,NA,NA,NA
NA,-0.45969473542625,-0.246384373934179,0.706132152341766,-0.126856157875363,0.901231920422785,1.5366467985203,-0.161933791339267,NA,NA,NA,NA,-1.92972552826081,NA,1.23897214595728,NA,NA,NA,NA,NA,0.324256483726227,NA,NA,0.0111272865961587,NA,-0.13648622815762,NA,NA,-0.0205265111511758,-0.0706818120697685,NA,0.104974785747848,NA
NA,-3.09712813770084,-2.34566761737916,NA,1.95943419091427,NA,-0.478789491393339,-0.82829219896024,-0.447465517856597,-2.70044070439842,1.6966735794969,NA,1.83279694404497,NA,-2.27057461169936,-2.24876619511758,-1.96540628923558,-0.393486358107555,-1.86767892453675,NA,-1.8313116226495,-2.04245509243012,NA,-2.6156703673096,NA,0.795513569705228,NA,-2.40658287865182,-1.9295518351169,NA,NA,NA,NA
NA,NA,NA,-0.991723597676964,NA,-1.03455718256034,-0.225483291021679,0.609175019489705,NA,0.873620398260041,NA,-0.543500321481961,NA,-0.469659883276521,-0.180438968999916,NA,NA,0.772493299140922,NA,1.0111085088071,-1.8313116226495,NA,NA,NA,NA,NA,-1.56169387218423,NA,-1.79590359653722,-0.804447337546464,0.00910854570348965,-0.565861593982824,NA
NA,NA,NA,NA,0.360283654207709,-0.666060368916476,0.196828806237952,NA,-0.0410897610216879,NA,-0.0188273659862515,NA,NA,NA,NA,-0.699792390464263,NA,NA,NA,-0.704009680009697,NA,NA,0.201678408633737,NA,NA,NA,0.0749105100908258,-0.661632614394371,NA,NA,NA,-0.565374223389315,-0.0895821073485424
NA,NA,NA,NA,-0.44839591028885,-0.268313781926532,-0.225483291021679,NA,-0.574846453721895,NA,-0.319712496202048,-0.101584092013686,-0.0182550117821969,NA,-0.136901443562486,NA,NA,0.0192129625789916,-0.446366970349798,-0.10470412946065,0.202969160575826,-0.0689719594121405,0.578101293657373,-0.121664334420932,-0.108130987674841,NA,NA,0.0727249773103071,-0.132671065700072,NA,NA,NA,-0.216382192419053
NA,NA,-0.14134960580384,NA,-0.264609065030059,0.817818767975242,-0.289730554086379,NA,-0.445223613385368,NA,NA,NA,NA,NA,NA,NA,0.0783405446347689,NA,NA,NA,0.0693071128618533,NA,NA,0.797924788141851,NA,0.595971366824924,-0.0508594152296379,0.795794452748702,NA,0.996708991696423,-0.0642439349814531,NA,NA
NA,NA,NA,0.507993236427038,NA,0.376110410456551,NA,NA,0.976449535620052,-0.0131756425315759,NA,NA,1.45662734874414,-0.231246978598115,1.56603657132688,NA,1.85357703435624,NA,NA,-1.26507094360355,1.47724656404172,NA,NA,NA,NA,-2.15226145133903,0.803478471683777,-1.78549147062991,0.566561307191674,-2.0370188565166,0.275946010042354,NA,0.0313875995864889
